code,symbol,name_sina,current_price,pct_today,amount_today,volume_today,bid,ask,name_nav,fund_type,nav_value,acc_nav_value,nav_growth_pct,premium_discount_pct,market_price_nav_source,scale_name,fund_share,scale_date,name,market,estimated_size_yi,category,theme,is_qdii,category_priority,amount_today_yi,data_issues,hist_rows,first_date,last_date,last_close,annual_return_3y,return_1y,return_6m,return_3m,return_20d,volatility_1y,max_drawdown_3y,max_drawdown_1y,current_drawdown,return_dd_ratio_1y,ma20,ma60,ma120,ma250,ma_state,price_vs_ma20_pct,pct_from_250_high,avg_amount_20d,avg_amount_60d,amount_stability,style_bucket,track_index,fund_size_yi,fee_rate,tracking_error_60d,valuation_pct_5y,dividend_yield,payout_ratio,style_corr_group,notes,updated_at,rank_return_3y,rank_return_1y,rank_return_6m,rank_return_dd,rank_low_vol,rank_amount,safety_score,return_score,income_score,execution_score,total_score,raw_grade,grade,hard_filter_ok,hard_filter_reason,action,reason,rank
159915,sz159915,创业板ETF易方达,4.258,1.14,7032563318.0,1663473156.0,4.257,4.258,创业板ETF易方达,指数型-股票,,,,,4.258,创业板ETF易方达,11363454936.0,,创业板ETF易方达,sz,483.85591117487996,CORE_BROAD,宽基,False,2,70.32563318,缺折溢价,780,2023-03-31,2026-06-23,4.21,0.241706502717018,1.0657507360157017,0.36157826649417846,0.3005869632375655,0.04362915220624686,0.29376474080430814,-0.33719193427931293,-0.12,-0.03859328613838764,8.88125613346418,4.05505,3.7679833333333335,3.5232,3.1109,多头,0.03821161268048501,-0.03859328613838764,5863739339.8,5046907460.533334,1.161848000117749,宽基中小,创业板指,424.95,0.5,0.3,45.0,1.2,,BROAD_GEM,nan,2026-06-16T16:32:27,0.8076923076923077,0.9230769230769231,0.7692307692307693,0.9615384615384616,0.2692307692307692,0.9615384615384616,18,37,6,10,71,B,B,True,,小仓/等待,多头 / 回撤-33.7% / 1年+106.6%,1
159338,sz159338,中证A500ETF国泰,1.325,0.837,4264822904.0,3238107300.0,1.324,1.325,中证A500ETF国,指数型-股票,,,,,1.325,中证A500ETF国泰,18572086664.0,,中证A500ETF国,sz,246.08014829799998,CORE_BROAD,宽基,False,2,42.64822904,缺折溢价,410,2024-10-15,2026-06-23,1.314,0.23506776156674292,0.3817034700315458,0.13178294573643412,0.12116040955631413,-0.00227790432801811,0.17330251884958142,-0.14833005893909623,-0.08300395256916993,-0.02882483370288247,4.598617996094339,1.2927500000000003,1.266483333333333,1.24945,1.1689960000000001,多头,0.016437826339199102,-0.02882483370288247,4276354121.15,4938547104.083333,0.8659134014565109,,,,,,,,,,,,0.6538461538461539,0.4230769230769231,0.34615384615384615,0.7692307692307693,0.6538461538461539,0.8846153846153846,30,26,5,9,70,B,C,False,F1历史不足504日,观察,F1历史不足504日 / 多头 / 回撤-14.8% / 1年+38.2%,2
159949,sz159949,创业板50ETF华安,2.049,1.085,1875252024.0,922625410.0,2.048,2.049,创业板50ETF华安,指数型-股票,,,,,2.049,创业板50ETF华安,12471785113.0,,创业板50ETF华安,sz,255.54687696537,CORE_BROAD,宽基,False,2,18.75252024,缺折溢价,780,2023-03-31,2026-06-23,2.027,0.2820143671514648,1.2225877192982457,0.37052062204192016,0.3179453836150845,0.047545219638242875,0.31934344583232593,-0.34929810074318746,-0.12955974842767304,-0.040246212121212155,9.43647802759325,1.9615500000000001,1.807416666666667,1.6787083333333332,1.471556,多头,0.03336647039331142,-0.040246212121212155,2550501574.7,2012300980.4166667,1.2674553158404234,,,,,,,,,,,,0.8461538461538461,0.9615384615384616,0.8076923076923077,1.0,0.19230769230769232,0.6538461538461539,18,37,5,8,68,C,C,True,,观察,多头 / 回撤-34.9% / 1年+122.3%,3
159361,sz159361,A500ETF易方达,1.352,0.896,1641165681.0,1222577711.0,1.352,1.353,A500ETF易方达,指数型-股票,,,,,1.352,A500ETF易方达,19130090279.0,,A500ETF易方达,sz,258.63882057208,CORE_BROAD,宽基,False,2,16.41165681,缺折溢价,385,2024-11-19,2026-06-23,1.34,0.2215621000189829,0.38716356107660466,0.1336717428087988,0.12416107382550345,-0.0007457121551079915,0.173217432790949,-0.11155378486055778,-0.08540372670807461,-0.02898550724637672,4.5333333333333306,1.31785,1.2901333333333334,1.2719583333333333,1.189584,多头,0.01680767917441295,-0.02898550724637672,1812608913.3,2028131169.6833334,0.8937335712773526,,,,,,,,,,,,0.5,0.5,0.46153846153846156,0.7307692307692307,0.6923076923076923,0.4230769230769231,31,24,5,7,67,C,C,False,F1历史不足504日,观察,F1历史不足504日 / 多头 / 回撤-11.2% / 1年+38.7%,4
159352,sz159352,A500ETF南方,1.373,0.365,3225314032.0,2355828499.0,1.373,1.374,A500ETF南方,指数型-股票,,,,,1.373,A500ETF南方,21201101746.0,,A500ETF南方,sz,291.09112697258,CORE_BROAD,宽基,False,2,32.25314032,缺折溢价,410,2024-10-15,2026-06-23,1.368,0.23140610090409752,0.36936936936936937,0.1343283582089554,0.12407559572719795,0.00073152889539152,0.17416057161345866,-0.15902712815715614,-0.08586626139817632,-0.02840909090909083,4.301682213186636,1.3441500000000002,1.3160666666666667,1.2983,1.2160159999999998,多头,0.017743555406762646,-0.02840909090909083,3040444043.95,4656551240.0,0.6529390287456602,,,,,,,,,,,,0.6153846153846154,0.3076923076923077,0.5,0.5769230769230769,0.6153846153846154,0.8076923076923077,30,23,5,8,66,C,C,False,F1历史不足504日,观察,F1历史不足504日 / 多头 / 回撤-15.9% / 1年+36.9%,5
588220,sh588220,科创100ETF鹏华,2.088,3.469,642653310.0,314215248.0,2.087,2.088,科创100ETF鹏华,指数型-股票,,,,,2.088,科创100F,6543197900.0,2025-01-15,科创100ETF鹏华,sh,136.621972152,CORE_BROAD,宽基,False,2,6.4265331,缺折溢价,666,2023-09-15,2026-06-23,2.018,0.31127088311264073,1.0591836734693878,0.5583011583011581,0.43425728500355354,0.07511987213638771,0.30810955264295137,-0.39867424242424243,-0.14842300556586274,-0.012720156555773077,7.136249999999999,1.8451499999999998,1.6907999999999999,1.5925666666666667,1.3976,多头,0.09367802075711995,-0.012720156555773077,667680139.25,636865056.5666667,1.0483855761367362,,,,,,,,,,,,0.9230769230769231,0.8846153846153846,0.9230769230769231,0.8846153846153846,0.23076923076923078,0.2692307692307692,17,37,5,7,66,C,D,False,F8核心回撤>35%,淘汰,F8核心回撤>35% / 多头 / 回撤-39.9% / 1年+105.9%,6
563360,sh563360,A500ETF华泰柏瑞,1.4,0.937,4064061190.0,2922239462.0,1.4,1.401,A500ETF华泰柏,指数型-股票,,,,,1.4,A500基金,17086987400.0,2025-01-15,A500ETF华泰柏,sh,239.2178236,CORE_BROAD,宽基,False,2,40.6406119,缺折溢价,410,2024-10-15,2026-06-23,1.387,0.23105531516929378,0.3800995024875624,0.1322448979591837,0.11945117029862784,0.0,0.17430084691618195,-0.1581395348837209,-0.08445440956651717,-0.03142458100558654,4.5006472064456515,1.3656000000000001,1.3368666666666669,1.3188749999999998,1.234536,多头,0.015670767428236587,-0.03142458100558654,4270993872.55,5439221046.683333,0.7852216035886826,,,,,,,,,,,,0.5769230769230769,0.34615384615384615,0.38461538461538464,0.6923076923076923,0.5769230769230769,0.8461538461538461,28,23,5,9,65,C,C,False,F1历史不足504日,观察,F1历史不足504日 / 多头 / 回撤-15.8% / 1年+38.0%,7
588000,sh588000,科创50ETF华夏,2.096,3.609,8748955895.0,4244590621.0,2.097,2.098,科创50ETF华夏,指数型-股票,,,,,2.096,科创50,88009168200.0,2025-01-15,科创50ETF华夏,sh,1844.6721654720002,CORE_BROAD,宽基,False,2,87.48955895,缺折溢价,780,2023-03-31,2026-06-23,2.023,0.2369136793428681,0.9621726479146462,0.47020348837209314,0.4885945548197206,0.012512512512512508,0.3475613715396529,-0.3878292461398728,-0.19268292682926824,-0.01605058365758749,4.99355424867095,1.8523,1.6759999999999997,1.5917833333333333,1.4368519999999998,多头,0.09215569832100634,-0.01605058365758749,6466140837.35,5392697942.6,1.1990548898113247,宽基中小,科创50,1622.89,0.5,0.4,55.0,0.5,,BROAD_KC50,nan,2026-06-16T16:32:27,0.6923076923076923,0.8461538461538461,0.8846153846153846,0.8461538461538461,0.11538461538461539,1.0,16,34,6,9,65,C,D,False,F8核心回撤>35%,淘汰,F8核心回撤>35% / 多头 / 回撤-38.8% / 1年+96.2%,8
563220,sh563220,A500ETF富国,1.379,1.174,589913235.0,429870977.0,1.378,1.38,A500ETF富国,指数型-股票,,,,,1.379,A500富国,17267013700.0,2025-01-15,A500ETF富国,sh,238.112118923,CORE_BROAD,宽基,False,2,5.89913235,缺折溢价,410,2024-10-15,2026-06-23,1.363,0.23802549571549103,0.38095238095238093,0.13112033195020745,0.12088815789473695,-0.00146520146520146,0.17297266734412695,-0.14814814814814803,-0.08510638297872353,-0.032647267565649396,4.476190476190469,1.34405,1.3154666666666668,1.2972083333333335,1.213448,多头,0.01409917785796666,-0.032647267565649396,509107545.3,529430328.7,0.9616138662665927,,,,,,,,,,,,0.7307692307692307,0.38461538461538464,0.3076923076923077,0.6538461538461539,0.7307692307692307,0.07692307692307693,29,24,5,6,64,C,C,False,F1历史不足504日,观察,F1历史不足504日 / 多头 / 回撤-14.8% / 1年+38.1%,9
510310,sh510310,沪深300ETF易方达,4.817,0.438,6819091157.0,1419404327.0,4.818,4.819,沪深300ETF易方,指数型-股票,,,,,4.817,HS300ETF,64614344000.0,2025-01-15,沪深300ETF易方,sh,3112.47295048,CORE_BROAD,宽基,False,2,68.19091157,缺折溢价,780,2023-03-31,2026-06-23,4.796,0.3610984955200154,0.2535284892838474,0.07293064876957511,0.10710987996306565,0.002508361204013543,0.1571932895416408,-0.20327700972862262,-0.09036911327959274,-0.02777214676667339,2.805477226488395,4.746800000000001,4.640149999999999,4.598425000000001,4.443424000000001,多头,0.01036487739108427,-0.02777214676667339,2508436600.8,1921544109.2666667,1.3054275406445464,宽基大盘,沪深300,3077.58,0.2,0.15,91.4,2.8,,BROAD_300,易方达低费率,2026-06-16T16:32:27,1.0,0.15384615384615385,0.15384615384615385,0.19230769230769232,0.8461538461538461,0.6153846153846154,28,22,3,10,63,C,C,True,,观察,多头 / 回撤-20.3% / 1年+25.4%,10
512050,sh512050,A500ETF华夏,1.319,0.995,1889676160.0,1442100125.0,1.318,1.319,A500ETF华夏,指数型-股票,,,,,1.319,A500E,20785992200.0,2025-01-15,A500ETF华夏,sh,274.167237118,CORE_BROAD,宽基,False,2,18.8967616,缺折溢价,387,2024-11-15,2026-06-23,1.306,0.21697097108208951,0.38201058201058213,0.13269731136166518,0.12199312714776633,-0.0007651109410863333,0.17636902628969064,-0.12932790224032586,-0.08657664813343924,-0.03187546330615265,4.412397456434155,1.2864,1.2590833333333333,1.2417083333333332,1.162096,多头,0.015236318407960248,-0.03187546330615265,2191634690.4,3540172537.766667,0.6190756713181562,,,,,,,,,,,,0.4230769230769231,0.46153846153846156,0.4230769230769231,0.6153846153846154,0.5384615384615384,0.5769230769230769,27,23,5,8,63,C,C,False,F1历史不足504日,观察,F1历史不足504日 / 多头 / 回撤-12.9% / 1年+38.2%,11
159967,sz159967,创业板成长ETF华夏,1.041,2.461,861790346.0,840951438.0,1.04,1.041,创业板成长ETF华夏,指数型-股票,,,,,1.041,创业板成长ETF华夏,5851505811.0,,创业板成长ETF华夏,sz,60.91417549251,CORE_BROAD,宽基,False,2,8.61790346,缺折溢价,780,2023-03-31,2026-06-23,1.016,0.23990620379797134,1.3682983682983685,0.646677471636953,0.5899843505477309,0.10434782608695659,0.3631746534286198,-0.3877917414721723,-0.16282642089093702,-0.04060434372049093,8.403417337379603,0.95075,0.8282166666666665,0.7300333333333332,0.632912,多头,0.0686300289245334,-0.04060434372049093,1219014631.8,826003880.7666667,1.475797705294744,,,,,,,,,,,,0.7692307692307693,1.0,1.0,0.9230769230769231,0.07692307692307693,0.3076923076923077,14,38,5,6,63,C,D,False,F8核心回撤>35%,淘汰,F8核心回撤>35% / 多头 / 回撤-38.8% / 1年+136.8%,12
588080,sh588080,科创50ETF易方达,2.036,4.09,2362923650.0,1184631946.0,2.035,2.036,科创50ETF易方达,指数型-股票,,,,,2.036,科创板50,58786628099.99999,2025-01-15,科创50ETF易方达,sh,1196.8957481159998,CORE_BROAD,宽基,False,2,23.6292365,缺折溢价,780,2023-03-31,2026-06-23,1.956,0.2304383267922172,0.9443339960238568,0.4695717505634862,0.4851936218678816,0.010330578512396604,0.3465878414566681,-0.3883225208526413,-0.19029615626969132,-0.0170854271356784,4.962443879767749,1.7957,1.6251333333333335,1.5427000000000002,1.395464,多头,0.08926880882107247,-0.0170854271356784,1937277841.05,1689601858.9333334,1.1465883698027104,,,,,,,,,,,,0.5384615384615384,0.8076923076923077,0.8461538461538461,0.8076923076923077,0.15384615384615385,0.5,16,32,5,8,61,C,D,False,F8核心回撤>35%,淘汰,F8核心回撤>35% / 多头 / 回撤-38.8% / 1年+94.4%,13
159351,sz159351,A500ETF嘉实,1.33,1.064,556038009.0,420430300.0,1.329,1.33,A500ETF嘉实,指数型-股票,,,,,1.33,A500ETF嘉实,5834123357.0,,A500ETF嘉实,sz,77.5938406481,CORE_BROAD,宽基,False,2,5.56038009,缺折溢价,410,2024-10-15,2026-06-23,1.316,0.21862198513595832,0.35530381050463444,0.12478632478632501,0.11904761904761907,-0.0015174506828528056,0.17092353765216806,-0.16234390009606137,-0.08647798742138368,-0.030927835051546393,4.1086040632899525,1.29535,1.26905,1.2536999999999998,1.1785479999999997,多头,0.015941637395298525,-0.030927835051546393,515940012.05,771285607.3,0.6689350963725679,,,,,,,,,,,,0.46153846153846156,0.2692307692307692,0.2692307692307692,0.5384615384615384,0.7692307692307693,0.11538461538461539,29,21,5,5,60,C,C,False,F1历史不足504日,观察,F1历史不足504日 / 多头 / 回撤-16.2% / 1年+35.5%,14
510500,sh510500,中证500ETF南方,8.985,1.929,2510299817.0,282708434.0,8.986,8.987,中证500ETF南方,指数型-股票,,,,,8.985,500ETF,17607768600.0,2025-01-15,中证500ETF南方,sh,1582.05800871,CORE_BROAD,宽基,False,2,25.10299817,缺折溢价,780,2023-03-31,2026-06-23,8.815,0.12488228875540863,0.5161678706570347,0.22074504916216586,0.15198640878201775,0.0033007056681082503,0.2244864670911413,-0.2754366287453933,-0.1402083094883828,-0.02153402153402162,3.68143566198409,8.49745,8.368066666666666,8.281141666666667,7.525331999999999,多头,0.03737003453977361,-0.02153402153402162,3009861165.2,4489457604.033334,0.670428686640439,宽基中小,中证500,1504.41,0.5,0.25,99.6,1.8,,BROAD_500,nan,2026-06-16T16:32:27,0.34615384615384615,0.7307692307692307,0.6538461538461539,0.5,0.3076923076923077,0.7692307692307693,24,23,3,9,59,D,D,True,,估值极升-减至50%,多头 / 回撤-27.5% / 1年+51.6%,15
159363,sz159363,创业板人工智能ETF华宝,1.542,1.782,1285437907.0,844312900.0,1.541,1.542,创业板人工智能ETF,指数型-股票,,,,,1.542,创业板人工智能ETF华宝,5212169924.0,,创业板人工智能ETF,sz,80.37166022808,CORE_BROAD,宽基,False,2,12.85437907,缺折溢价,366,2024-12-16,2026-06-23,1.515,0.33296018619118817,0.558641975308642,0.5964172813487882,0.4360189573459716,0.08214285714285707,0.6759874075986914,-0.5046179680940387,-0.5046179680940387,-0.03809523809523818,1.1070592222838478,1.433,1.3042000000000005,1.1900499999999998,1.0195560000000001,多头,0.057222609909281186,-0.03809523809523818,1504441560.9,1207505635.3333333,1.2459085215653651,,,,,,,,,,,,0.9615384615384616,0.7692307692307693,0.9615384615384616,0.11538461538461539,0.038461538461538464,0.38461538461538464,13,34,5,6,58,D,D,False,F1历史不足504日;F8核心回撤>35%,观察,F1历史不足504日;F8核心回撤>35% / 多头 / 回撤-50.5% / 1年+55.9%,16
563300,sh563300,中证2000ETF华泰柏瑞,1.628,0.185,532176787.0,330041000.0,1.627,1.628,中证2000ETF华,指数型-股票,,,,,1.628,中证2000,3326174000.0,2025-01-15,中证2000ETF华,sh,54.15011272,CORE_BROAD,宽基,False,2,5.32176787,缺折溢价,667,2023-09-14,2026-06-23,1.625,0.20774739711303392,0.44830659536541884,0.24425727411944864,0.15740740740740744,-0.005507955936352449,0.2235747398666894,-0.3276190476190477,-0.13465220165922132,-0.0234375,3.3293669902256493,1.5715,1.547566666666667,1.5085250000000001,1.3814160000000002,多头,0.034043907095132164,-0.0234375,563385964.3,509023651.1333333,1.1067972245408042,,,,,,,,,,,,0.38461538461538464,0.6538461538461539,0.7307692307692307,0.34615384615384615,0.34615384615384615,0.23076923076923078,21,25,5,6,57,D,D,True,,淘汰,多头 / 回撤-32.8% / 1年+44.8%,17
510330,sh510330,沪深300ETF华夏,5.176,0.505,6624038748.0,1283449044.0,5.178,5.179,沪深300ETF华夏,指数型-股票,,,,,5.176,华夏300,40937649800.0,2025-01-15,沪深300ETF华夏,sh,2118.932753648,CORE_BROAD,宽基,False,2,66.24038748,缺折溢价,780,2023-03-31,2026-06-23,5.15,0.08879164048283483,0.27823281211218687,0.08787494719053668,0.10491310877494109,0.001945525291829009,0.15549104917241288,-0.203857421875,-0.0764611689351482,-0.02866842700867578,3.6388773018651412,5.1030500000000005,4.990283333333333,4.933425,4.718660000000001,多头,0.00920038016480329,-0.02866842700867578,1486383026.5,1171788777.7,1.268473512280506,,,,,,,,,,,,0.19230769230769232,0.23076923076923078,0.19230769230769232,0.46153846153846156,0.9230769230769231,0.34615384615384615,28,16,5,7,56,D,D,True,,淘汰,多头 / 回撤-20.4% / 1年+27.8%,18
159919,sz159919,沪深300ETF嘉实,5.178,0.349,5333093994.0,1032373356.0,5.178,5.179,沪深300ETF嘉实,指数型-股票,,,,,5.178,沪深300ETF嘉实,9492516676.0,,沪深300ETF嘉实,sz,491.52251348328,CORE_BROAD,宽基,False,2,53.33093994,缺折溢价,780,2023-03-31,2026-06-23,5.16,0.08319809947390522,0.27754394652141623,0.08814846056516235,0.10516170486185494,0.003305463737118375,0.15593497057216238,-0.20422366210703147,-0.07859565130660284,-0.029162746942615336,3.531288842415887,5.10765,4.9953666666666665,4.9395750000000005,4.753752,多头,0.010249331884526258,-0.029162746942615336,1823981236.2,1669147133.75,1.0927624050146743,,,,,,,,,,,,0.15384615384615385,0.19230769230769232,0.23076923076923078,0.38461538461538464,0.8846153846153846,0.46153846153846156,28,15,5,7,55,D,D,True,,淘汰,多头 / 回撤-20.4% / 1年+27.8%,19
510100,sh510100,上证50ETF易方达,2.969,0.747,598899927.0,202402522.0,2.967,2.97,上证50ETF易方达,指数型-股票,,,,,2.969,SZ50ETF,2878819900.0,2025-01-15,上证50ETF易方达,sh,85.47216283099999,CORE_BROAD,宽基,False,2,5.98899927,缺折溢价,780,2023-03-31,2026-06-23,2.947,0.3020658744225835,0.09229058561897707,-0.013721552878179333,0.04134275618374561,-0.010409670920080605,0.1407032243669371,-0.20409656181419156,-0.11294416243654837,-0.06503807106598991,0.8171346232331892,2.9276,2.9331166666666677,2.9829250000000003,2.9585239999999997,站上MA60,0.006626588331739347,-0.06503807106598991,441135574.0,423592734.43333334,1.0414144014772464,,,,,,,,,,,,0.8846153846153846,0.07692307692307693,0.07692307692307693,0.07692307692307693,0.9615384615384616,0.038461538461538464,27,16,6,5,54,D,D,True,,淘汰,站上MA60 / 回撤-20.4% / 1年+9.2%,20
510300,sh510300,沪深300ETF华泰柏瑞,4.967,0.506,12839317641.0,2590673409.0,4.966,4.967,沪深300ETF华泰,指数型-股票,,,,,4.967,300ETF,91062487700.0,2025-01-15,沪深300ETF华泰,sh,4523.073764059,CORE_BROAD,宽基,False,2,128.39317641,缺折溢价,780,2023-03-31,2026-06-23,4.942,0.07411108140409106,0.23426573426573438,0.058697514995715405,0.10337128823398078,0.0010127607859022891,0.15908735413324562,-0.2212994626282364,-0.09941044927830855,-0.02926733451188368,2.3565504025626747,4.900949999999999,4.7931,4.758583333333333,4.597768,多头,0.008375927116171633,-0.02926733451188368,4575412647.5,4534880719.933333,1.0089378155832205,宽基大盘,沪深300,4479.36,0.5,0.2,91.4,2.8,,BROAD_300,华泰柏瑞旗舰,2026-06-16T16:32:27,0.11538461538461539,0.11538461538461539,0.11538461538461539,0.15384615384615385,0.8076923076923077,0.9230769230769231,27,13,3,10,53,D,D,True,,淘汰,多头 / 回撤-22.1% / 1年+23.4%,21
159845,sz159845,中证1000ETF华夏,3.638,1.056,2244701919.0,621346626.0,3.637,3.638,中证1000ETF华,指数型-股票,,,,,3.638,中证1000ETF华夏,1428425606.0,,中证1000ETF华,sz,51.96612354628,CORE_BROAD,宽基,False,2,22.44701919,缺折溢价,780,2023-03-31,2026-06-23,3.6,0.10724312830784788,0.42348754448398584,0.2004001333777925,0.15052732502396937,-0.00990099009900991,0.21226262424154027,-0.35305059523809523,-0.13363533408833517,-0.025974025974025983,3.1689788286386413,3.5053999999999994,3.4473,3.3899333333333335,3.139776,多头,0.0269869344440008,-0.025974025974025983,2055864409.6,1921793481.05,1.0697634422595441,,,,,,,,,,,,0.2692307692307692,0.6153846153846154,0.5769230769230769,0.2692307692307692,0.46153846153846156,0.5384615384615384,18,23,5,7,53,D,D,False,F8核心回撤>35%,淘汰,F8核心回撤>35% / 多头 / 回撤-35.3% / 1年+42.3%,22
560010,sh560010,中证1000ETF广发,3.648,1.474,895157448.0,248370432.0,3.646,3.648,中证1000ETF广,指数型-股票,,,,,3.648,1000基金,9354621700.0,2025-01-15,中证1000ETF广,sh,341.256599616,CORE_BROAD,宽基,False,2,8.95157448,缺折溢价,780,2023-03-31,2026-06-23,3.595,0.10854459342400768,0.42263553620894334,0.2027433924389428,0.15076824583866832,-0.006357103372028661,0.21206715430426862,-0.356394913986537,-0.1316462894512369,-0.024423337856173677,3.210386999669229,3.4955999999999996,3.4364833333333333,3.3790666666666667,3.1318919999999997,多头,0.028435747797231015,-0.024423337856173677,559644243.55,746565624.05,0.7496249834194331,,,,,,,,,,,,0.3076923076923077,0.5769230769230769,0.6153846153846154,0.3076923076923077,0.5,0.19230769230769232,18,23,5,7,53,D,D,False,F8核心回撤>35%,淘汰,F8核心回撤>35% / 多头 / 回撤-35.6% / 1年+42.3%,23
510050,sh510050,上证50ETF华夏,3.024,0.632,3902844815.0,1293619668.0,3.025,3.026,上证50ETF华夏,指数型-股票,,,,,3.024,50ETF,55337166800.0,2025-01-15,上证50ETF华夏,sh,1673.395924032,CORE_BROAD,宽基,False,2,39.02844815,缺折溢价,780,2023-03-31,2026-06-23,3.005,0.039667235861709615,0.08797972483707461,-0.019255874673629325,0.036206896551724155,-0.011187890753537433,0.13769513677213985,-0.1819846210179421,-0.11344667697063371,-0.07109737248840808,0.7755161031278919,2.98535,2.997033333333333,3.054033333333334,3.0376319999999994,站上MA60,0.00658214279732694,-0.07109737248840808,2570703151.7,2780734211.45,0.9244692071305584,,,,,,,,,,,,0.07692307692307693,0.038461538461538464,0.038461538461538464,0.038461538461538464,1.0,0.6923076923076923,31,7,6,8,52,D,D,True,,淘汰,站上MA60 / 回撤-18.2% / 1年+8.8%,24
512100,sh512100,中证1000ETF南方,3.551,1.168,3109888511.0,882868186.0,3.55,3.551,中证1000ETF南,指数型-股票,,,,,3.551,XD1000,22275217599.999996,2025-01-15,中证1000ETF南,sh,790.9929769759999,CORE_BROAD,宽基,False,2,31.09888511,缺折溢价,780,2023-03-31,2026-06-23,3.51,0.09890583655006169,0.4113389626055488,0.1902339776195321,0.15308804204993431,-0.008194405199208887,0.21570615352131828,-0.35331347728965,-0.1352375400757796,-0.02445803224013343,3.0416034066802555,3.4115,3.351750000000001,3.3004583333333333,3.0707600000000004,多头,0.02887292979627709,-0.02445803224013343,2856687843.3,2727041232.5,1.0475411259847902,,,,,,,,,,,,0.23076923076923078,0.5384615384615384,0.5384615384615384,0.23076923076923078,0.4230769230769231,0.7307692307692307,18,20,5,8,51,D,D,False,F8核心回撤>35%,淘汰,F8核心回撤>35% / 多头 / 回撤-35.3% / 1年+41.1%,25
159922,sz159922,中证500ETF嘉实,3.576,1.909,749177585.0,211509498.0,3.575,3.576,中证500ETF嘉实,指数型-股票,,,,,3.576,中证500ETF嘉实,2124676765.0,,中证500ETF嘉实,sz,75.9784411164,CORE_BROAD,宽基,False,2,7.49177585,缺折溢价,780,2023-03-31,2026-06-23,3.509,-0.17787724086840517,0.509896729776248,0.23122807017543856,0.1520026263952725,0.005732301519060012,0.22144761826734585,-0.6849294506154308,-0.14030538749639876,-0.4732812969078355,3.6341920925120257,3.38,3.3270999999999997,3.2893249999999994,2.9960720000000003,多头,0.038165680473372765,-0.020379676158570614,531850274.55,759983280.8833333,0.6998183880200984,,,,,,,,,,,,0.038461538461538464,0.6923076923076923,0.6923076923076923,0.4230769230769231,0.38461538461538464,0.15384615384615385,11,20,5,5,41,D,D,False,F8核心回撤>35%,淘汰,F8核心回撤>35% / 多头 / 回撤-68.5% / 1年+51.0%,26
512890,sh512890,红利低波ETF华泰柏瑞,1.099,-1.699,875883361.0,791890777.0,1.098,1.099,红利低波ETF华泰柏,指数型-股票,,,,,1.099,红利低波,12810110800.0,2025-01-15,红利低波ETF华泰柏,sh,140.783117692,CORE_DIVIDEND,红利低波,False,1,8.75883361,缺折溢价,780,2023-03-31,2026-06-23,1.118,0.04739296950446592,-0.04688832054560954,-0.053344623200677344,-0.050933786078098287,-0.02951388888888873,0.1071649387319348,-0.13789954337899546,-0.1037811745776347,-0.10056315366049884,-0.45179986386195886,1.1549,1.1732666666666665,1.1734583333333333,1.1843679999999999,跌破MA250,-0.03195081825266255,-0.10056315366049884,875955862.0,759167488.4333333,1.1538374276375807,红利低波,中证红利低波动100,148.73,0.55,0.35,28.0,6.1,0.55,RED_LOW_VOL,华泰柏瑞,2026-06-16T16:32:27,0.75,0.5,0.5,0.5,1.0,0.5,35,11,23,4,73,B,B,True,,小仓/等待,跌破MA250 / 回撤-13.8% / 1年-4.7%,1
159611,sz159611,电力ETF广发,1.06,-2.033,568520300.0,534322855.0,1.06,1.061,电力ETF广发,指数型-股票,,,,,1.06,电力ETF广发,8695962900.0,,电力ETF广发,sz,92.17720674,CORE_DIVIDEND,红利低波,False,1,5.685203,缺折溢价,780,2023-03-31,2026-06-23,1.082,0.053647099625411476,0.11546391752577323,0.056640625,-0.07044673539518886,-0.07600341588385995,0.1934850139120575,-0.1581868640148011,-0.1392203659506761,-0.1392203659506761,0.8293608247422689,1.16685,1.1424499999999997,1.1031166666666665,1.0588119999999999,震荡,-0.07271714444872934,-0.1392203659506761,967558053.65,706358729.8833333,1.369782820989284,,,,,,,,,,,,1.0,1.0,1.0,1.0,0.5,1.0,30,20,18,4,72,B,B,True,,小仓/等待,震荡 / 回撤-15.8% / 1年+11.5%,2
510880,sh510880,红利ETF华泰柏瑞,3.048,-1.804,1047024912.0,341368300.0,3.047,3.048,红利ETF华泰柏瑞,指数型-股票,,,,,3.048,红利ETF,7182175699.999999,2025-01-15,红利ETF华泰柏瑞,sh,218.912715336,CORE_DIVIDEND,红利低波,False,1,10.47024912,缺折溢价,780,2023-03-31,2026-06-23,3.104,-0.00415340249758156,-0.012094207511139321,-0.022362204724409418,-0.050474151116549404,-0.02543171114599685,0.1381854323670361,-0.14056831922611845,-0.09372210651591795,-0.0881316098707402,-0.1290432744283785,3.2335000000000003,3.2438333333333333,3.223991666666666,3.219844,跌破MA250,-0.04004948198546476,-0.0819284235433303,710735042.5,533431897.75,1.3323819694657546,红利低波,中证红利,233.35,0.6,0.3,78.8,5.5,0.55,RED_HS300,上交所红利,2026-06-16T16:32:27,0.5,0.75,0.75,0.75,0.75,0.25,33,13,18,4,68,C,C,True,,观察,跌破MA250 / 回撤-14.1% / 1年-1.2%,3
512800,sh512800,银行ETF华宝,0.761,-2.185,953094445.0,1240928627.0,0.76,0.761,银行ETF华宝,指数型-股票,,,,,0.761,银行ETF,4801640000.0,2025-01-15,银行ETF华宝,sh,36.5404804,CORE_DIVIDEND,金融地产,False,1,9.53094445,缺折溢价,780,2023-03-31,2026-06-23,0.778,-0.11931900522948558,-0.5304767652383826,-0.059250302297460644,-0.01143583227445999,0.014341590612777066,0.5164781365402688,-0.5717501406865504,-0.5717501406865504,-0.5621834552616769,-0.927812216366738,0.7844000000000001,0.7886333333333333,0.790775,0.874404,跌破MA250,-0.008159102498725201,-0.5621834552616769,952246072.75,753117867.8,1.2644050997378289,,,,,,,,,,,,0.25,0.25,0.25,0.25,0.25,0.75,12,5,20,4,41,D,D,False,F8核心回撤>35%,淘汰,F8核心回撤>35% / 跌破MA250 / 回撤-57.2% / 1年-53.0%,4
511360,sh511360,短融ETF海富通,113.586,-0.018,27376805627.0,241017933.0,113.585,113.586,短融ETF海富通,指数型-固收,,,,,113.586,短融ETF,294914600.0,2025-01-15,短融ETF海富通,sh,334.981697556,DEFENSIVE,防守,False,3,273.76805627,缺折溢价,780,2023-03-31,2026-06-23,113.607,0.019715635811508703,0.015363577863577893,0.007734953652370535,0.003382675051225803,0.0009339124765419538,0.0013613762659822912,-0.010589510547819536,-0.00040102662816809964,0.0,38.31061776061886,113.5433,113.42601666666665,113.20565833333332,112.748784,多头,0.000561019452490763,0.0,19351981087.35,32099376435.216667,0.6028771657420321,,,,,,,,,,,,0.40384615384615385,0.5161290322580645,0.25,1.0,0.9615384615384616,1.0,51,9,8,9,77,B,B,True,,小仓/等待,多头 / 回撤-1.1% / 1年+1.5%,1
511030,sh511030,公司债ETF平安,107.957,-0.004,2157053897.0,19978473.0,107.959,107.96,公司债ETF平安,指数型-固收,,,,,107.957,公司债,1045207100.0000001,2025-01-15,公司债ETF平安,sh,1128.3742289470001,DEFENSIVE,防守,False,3,21.57053897,缺折溢价,780,2023-03-31,2026-06-23,107.961,1.1776142699836791,0.019124935101713314,0.01248241583044174,0.006282214993428736,0.0009642396877347359,0.006633860525300126,-0.02564589665653505,-0.0035744520741227692,-0.001221170658599613,5.350452238587335,107.96865,107.72991666666665,107.346075,106.7819,多头,-7.085390064609509e-05,-0.001221170658599613,2986767736.0,2784255013.25,1.0727349764250262,,,,,,,,,,,,1.0,0.6774193548387096,0.34615384615384615,0.9032258064516129,0.8846153846153846,0.5384615384615384,50,11,8,8,77,B,B,True,,小仓/等待,多头 / 回撤-2.6% / 1年+1.9%,2
159972,sz159972,5年地方债ETF鹏华,119.155,0.025,1242644186.0,10428700.0,119.152,119.155,5年地方债ETF鹏华,指数型-固收,,,,,119.155,5年地方债ETF鹏华,47845910.0,,5年地方债ETF鹏华,sz,57.010794060500004,DEFENSIVE,防守,False,3,12.42644186,缺折溢价,780,2023-03-31,2026-06-23,119.125,0.01623927100407707,0.027116744266252768,0.018249423027609346,0.009739269003865125,0.000419903422212764,0.007499505322652264,-0.05089768623317381,-0.005562231759656644,-0.0018266676721718778,4.875155412065513,119.21285,118.74543333333331,118.14060833333333,117.259356,多头,-0.0007369172031370663,-0.0018266676721718778,1512305243.95,1592468080.35,0.9496612601601526,,,,,,,,,,,,0.2692307692307692,0.7741935483870968,0.6538461538461539,0.8709677419354839,0.75,0.28846153846153844,48,10,8,6,72,B,B,True,,小仓/等待,多头 / 回撤-5.1% / 1年+2.7%,3
159112,sz159112,科创债ETF银华,101.805,-0.02,3651136939.0,35858300.0,101.805,101.809,科创债ETF银华,指数型-固收,,,,,101.805,科创债ETF银华,248637830.0,,科创债ETF银华,sz,253.12574283150002,DEFENSIVE,防守,False,3,36.51136939,缺折溢价,176,2025-09-24,2026-06-23,101.825,0.026512538861214185,,0.017944616615015452,0.009467631605036164,0.0028265279993697767,0.007048792796355372,-0.0035106670267350815,-0.0035106670267350815,-0.0007262092856652469,,101.74749999999999,101.41768333333333,100.96385833333332,,站上MA60,0.0007616894763999849,-0.0007262092856652469,3609851947.45,4478931870.316667,0.8059626830614814,,,,,,,,,,,,0.5576923076923077,,0.5961538461538461,,0.8269230769230769,0.6346153846153846,50,6,8,8,72,B,C,False,F1历史不足252日,观察,F1历史不足252日 / 站上MA60 / 回撤-0.4%,4
511580,sh511580,国债政金债ETF招商,109.395,0.02,2968495951.0,27135800.0,109.395,109.401,国债政金债ETF招商,指数型-固收,,,,,109.395,国债政金,5664800.0,2025-01-15,国债政金债ETF招商,sh,6.19700796,DEFENSIVE,防守,False,3,29.68495951,缺折溢价,780,2023-03-23,2026-06-23,109.373,0.025719921648148736,0.015260514810311099,0.008808500433507227,0.004749393694422066,0.0008510248901902884,0.004079250876325823,-0.006280615650767651,-0.0017357762777242547,0.0,8.79175214349564,109.33184999999999,109.16495,108.91135000000001,108.47431599999999,多头,0.00037637705755466655,0.0,3337884236.45,2826745562.7166667,1.1808223139977618,,,,,,,,,,,,0.5192307692307693,0.4838709677419355,0.28846153846153844,0.9354838709677419,0.9230769230769231,0.5576923076923077,50,9,8,5,72,B,C,False,F2规模<30亿,淘汰,F2规模<30亿 / 多头 / 回撤-0.6% / 1年+1.5%,5
511160,sh511160,国债ETF东财,101.836,0.009,1115239882.0,10950800.0,101.834,101.84,国债ETF东财,指数型-固收,,,,,101.836,国债东财,41860900.0,2025-01-15,国债ETF东财,sh,42.629466124000004,DEFENSIVE,防守,False,3,11.15239882,缺折溢价,352,2025-01-06,2026-06-23,101.827,0.011142867129139367,0.01709017539654001,0.00830791777240858,0.003914029379867845,0.0007961000923870643,0.003748327095370117,-0.008376128035100017,-0.0011572013530353198,-0.00010801468999777075,14.768540800365264,101.79514999999999,101.66616666666667,101.42756666666668,100.95503599999999,多头,0.0003128832758731992,-0.00010801468999777075,223248615.2,214258274.11666667,1.0419602982447154,,,,,,,,,,,,0.11538461538461539,0.5806451612903226,0.2692307692307692,0.967741935483871,0.9423076923076923,0.019230769230769232,51,8,8,5,72,B,C,True,,观察,多头 / 回撤-0.8% / 1年+1.7%,6
551800,551800,科创债ETF国泰,100.754,-0.021,8608697262.0,85447900.0,100.737,100.753,科创债ETF国泰,指数型-固收,,,,,100.754,,,,科创债ETF国泰,,,DEFENSIVE,防守,False,3,86.08697262,"缺折溢价,缺规模",176,2025-09-24,2026-06-23,100.772,0.02780726873085948,,0.0174159742344544,0.010488739145258164,0.002536884308127041,0.006985673176133946,-0.004812096684888134,-0.004812096684888134,-0.0005851375073141485,,100.69609999999999,100.35153333333336,99.8584,,站上MA60,0.0007537531245005447,-0.0005851375073141485,7924463373.3,8589806679.2,0.9225426915007165,,,,,,,,,,,,0.6538461538461539,,0.5192307692307693,,0.8461538461538461,0.9038461538461539,50,6,8,7,71,B,C,False,F1历史不足252日,观察,F1历史不足252日 / 站上MA60 / 回撤-0.5%,7
159116,sz159116,科创债ETF工银,101.971,-0.033,4785464622.0,46930110.0,101.969,101.986,科创债ETF工银,指数型-固收,,,,,101.971,科创债ETF工银,108362743.0,,科创债ETF工银,sz,110.49857266453002,DEFENSIVE,防守,False,3,47.85464622,缺折溢价,176,2025-09-24,2026-06-23,102.005,0.029672011719938718,,0.019295721166336932,0.010010495673010267,0.0028905428124783583,0.007208149568736746,-0.004212727815954609,-0.004212727815954609,-0.0004409603135717699,,101.92184999999999,101.57993333333333,101.08874999999999,,站上MA60,0.000815821141394224,-0.0004409603135717699,3600794849.45,3581920819.516667,1.0052692482286305,,,,,,,,,,,,0.6730769230769231,,0.8076923076923077,,0.7884615384615384,0.6153846153846154,48,7,8,8,71,B,C,False,F1历史不足252日,观察,F1历史不足252日 / 站上MA60 / 回撤-0.4%,8
511990,sh511990,华宝添益ETF,99.996,-0.004,10058632424.0,100589687.0,99.995,99.996,,,,,,,,,,,华宝添益ETF,sh,,DEFENSIVE,防守,False,3,100.58632424,"缺折溢价,缺规模",780,2023-03-31,2026-06-23,100.0,6.666755556938853e-06,1.0000100000961964e-05,0.0,1.0000100000961964e-05,-3.999840006407851e-05,0.0012939360025427803,-0.0014687515611728763,-0.0005497690969793467,-0.001088813193618865,0.01818963644174718,99.99985000000001,100.00065,100.000675,100.00116,跌破MA250,1.500002249965604e-06,-0.0004497975910839891,9725237212.8,10753599682.366667,0.9043703968957543,,,,,,,,,,,,0.057692307692307696,0.25806451612903225,0.1346153846153846,0.25806451612903225,0.9807692307692307,0.9230769230769231,51,4,8,7,70,B,B,True,,小仓/等待,跌破MA250 / 回撤-0.1% / 1年+0.0%,9
511200,sh511200,信用债ETF华夏,102.804,-0.032,4658594540.0,45321420.0,102.805,102.813,信用债ETF华夏,指数型-固收,,,,,102.804,,,,信用债ETF华夏,sh,,DEFENSIVE,防守,False,3,46.5859454,"缺折溢价,缺规模",334,2025-02-07,2026-06-23,102.837,0.020046235927106082,0.019146722164412155,0.0212924433674635,0.012195121951219523,0.0034933986475278456,0.012448961876605455,-0.015439219165927276,-0.015439219165927276,-0.00041796267496108097,1.240135395361635,102.71985,102.3452,101.75785833333333,101.278028,多头,0.0011404806373842558,-0.00041796267496108097,5753765878.3,5726896898.433333,1.0046917170578045,,,,,,,,,,,,0.4230769230769231,0.7096774193548387,0.9230769230769231,0.7741935483870968,0.4423076923076923,0.8269230769230769,45,11,8,6,70,B,B,True,,小仓/等待,多头 / 回撤-1.5% / 1年+1.9%,10
511070,sh511070,公司债ETF南方,102.459,-0.023,2243666440.0,21898779.0,102.458,102.462,公司债ETF南方,指数型-固收,,,,,102.459,,,,公司债ETF南方,sh,,DEFENSIVE,防守,False,3,22.4366644,"缺折溢价,缺规模",340,2025-01-22,2026-06-23,102.483,0.01874509831299087,0.01799922519891517,0.01950816736634775,0.011678183613030635,0.002926094104752197,0.01170670465431172,-0.015815505513707806,-0.015815505513707806,-0.0005363865103668042,1.1380746055391442,102.3892,102.03450000000001,101.45239166666667,101.00118400000001,多头,0.000916112246213574,-0.0005363865103668042,6833183729.95,6757552622.683333,1.0111920855803316,,,,,,,,,,,,0.36538461538461536,0.6451612903225806,0.8269230769230769,0.6774193548387096,0.46153846153846156,0.8653846153846154,45,10,8,7,70,B,B,True,,小仓/等待,多头 / 回撤-1.6% / 1年+1.8%,11
511520,sh511520,政金债ETF富国,117.771,0.094,1163181863.0,9878648.0,117.77,117.771,政金债ETF富国,指数型-固收,,,,,117.771,政金债,335396500.0,2025-01-15,政金债ETF富国,sh,394.999812015,DEFENSIVE,防守,False,3,11.63181863,缺折溢价,780,2023-03-31,2026-06-23,117.66,0.050224380986960915,0.017380025940337163,0.0238159463292813,0.013890803805321816,0.0021805049231713447,0.018195284505685003,-0.025968313655141406,-0.018004190630577788,-0.003506275725392527,0.9653322549706532,117.7076,117.16026666666667,116.25381666666665,115.60076000000001,多头,-0.000404391899928358,-0.003506275725392527,1780781910.85,1794479720.7833333,0.9923666956083772,,,,,,,,,,,,0.8269230769230769,0.6129032258064516,0.9615384615384616,0.6451612903225806,0.2692307692307692,0.3076923076923077,43,12,8,7,70,B,B,True,,小仓/等待,多头 / 回撤-2.6% / 1年+1.7%,12
159111,sz159111,科创债ETF天弘,101.915,-0.02,4708693657.0,46199930.0,101.915,101.92,科创债ETF天弘,指数型-固收,,,,,101.915,科创债ETF天弘,129246676.0,,科创债ETF天弘,sz,131.7217498454,DEFENSIVE,防守,False,3,47.08693657,缺折溢价,176,2025-09-24,2026-06-23,101.935,0.029737187975310553,,0.01758957004382422,0.009677291546980049,0.0028234692271369433,0.007730607917937543,-0.003395095530620562,-0.003395095530620562,-0.0006372549019607598,,101.86359999999999,101.52141666666667,101.0598,,站上MA60,0.0007009373318831447,-0.0006372549019607598,4003337034.8,4315195146.116667,0.9277302414475243,,,,,,,,,,,,0.6923076923076923,,0.5384615384615384,,0.7115384615384616,0.6730769230769231,48,6,8,8,70,B,C,False,F1历史不足252日,观察,F1历史不足252日 / 站上MA60 / 回撤-0.3%,13
159113,sz159113,科创债ETF大成,101.76,-0.015,3997370285.0,39290700.0,101.739,101.76,科创债ETF大成,指数型-固收,,,,,101.76,科创债ETF大成,94186237.0,,科创债ETF大成,sz,95.8439147712,DEFENSIVE,防守,False,3,39.97370285,缺折溢价,176,2025-09-24,2026-06-23,101.775,0.027571036843260677,,0.015363894847109316,0.009252097340394005,0.002897094037307646,0.006796330651838946,-0.0038906246890485496,-0.0038906246890485496,-0.00033395868734587,,101.68834999999999,101.36908333333332,100.96075,,站上MA60,0.0008521133443508688,-0.00033395868734587,2499048096.0,2754308826.7,0.9073231265043603,,,,,,,,,,,,0.6346153846153846,,0.4230769230769231,,0.8653846153846154,0.46153846153846156,50,6,8,6,70,B,C,False,F1历史不足252日,观察,F1历史不足252日 / 站上MA60 / 回撤-0.4%,14
159115,sz159115,科创债ETF华安,101.83,0.004,1942254262.0,19077200.0,101.803,101.83,科创债ETF华安,指数型-固收,,,,,101.83,科创债ETF华安,51923487.0,,科创债ETF华安,sz,52.8736868121,DEFENSIVE,防守,False,3,19.42254262,缺折溢价,176,2025-09-24,2026-06-23,101.826,0.027542179829242786,,0.018036032072943797,0.009577632361689403,0.0031228758041157434,0.006136983425084715,-0.003918089009411374,-0.003918089009411374,-0.0003337914784999896,,101.7304,101.39325000000001,100.93724166666668,,站上MA60,0.0009397387604883622,-0.0003337914784999896,2288961502.95,2225118457.733333,1.0286919759237005,,,,,,,,,,,,0.6153846153846154,,0.6153846153846154,,0.9038461538461539,0.40384615384615385,50,6,8,6,70,B,C,False,F1历史不足252日,观察,F1历史不足252日 / 站上MA60 / 回撤-0.4%,15
551510,551510,科创债ETF华泰柏瑞,102.005,-0.01,2634508092.0,25824900.0,101.986,102.005,科创债ETF华泰柏瑞,指数型-固收,,,,,102.005,,,,科创债ETF华泰柏瑞,,,DEFENSIVE,防守,False,3,26.34508092,"缺折溢价,缺规模",173,2025-09-24,2026-06-17,101.924,0.029918378289441216,,0.018577924349173047,0.009988505291529615,0.0025475827472580814,0.0076468164176382615,-0.004416133341308304,-0.004416133341308304,-0.0016749106224593913,,101.90275,101.53961666666665,101.01713333333333,,站上MA60,0.00020853215443161766,-0.0016749106224593913,3538722018.25,3370783530.5,1.049821795505536,,,,,,,,,,,,0.7115384615384616,,0.6923076923076923,,0.7307692307692307,0.5961538461538461,48,7,8,6,69,C,C,False,F1历史不足252日,观察,F1历史不足252日 / 站上MA60 / 回撤-0.4%,16
159200,sz159200,科创债ETF富国,101.735,-0.019,6044796720.0,59417332.0,101.729,101.735,科创债ETF富国,指数型-固收,,,,,101.735,科创债ETF富国,154012633.0,,科创债ETF富国,sz,156.68475218255,DEFENSIVE,防守,False,3,60.4479672,缺折溢价,225,2025-07-17,2026-06-23,101.754,0.01817139024941894,,0.01763158684281585,0.009384175859058708,0.002788974189670057,0.008857692597085435,-0.010771992818671472,-0.010771992818671472,-0.00041258988565362475,,101.66975,101.35581666666667,100.8901,,站上MA60,0.0008286633929954768,-0.00041258988565362475,4507797842.1,4950359523.566667,0.9106000929104627,,,,,,,,,,,,0.34615384615384615,,0.5576923076923077,,0.5961538461538461,0.75,47,5,8,8,68,C,C,False,F1历史不足252日,观察,F1历史不足252日 / 站上MA60 / 回撤-1.1%,17
511110,sh511110,公司债ETF易方达,102.751,-0.021,1795113562.0,17471500.0,102.751,102.752,公司债ETF易方达,指数型-固收,,,,,102.751,,,,公司债ETF易方达,sh,,DEFENSIVE,防守,False,3,17.95113562,"缺折溢价,缺规模",338,2025-01-24,2026-06-23,102.773,0.02055668273341338,0.01997816593886448,0.02071766960978083,0.011246679130178183,0.0029961157847482323,0.012588018199602995,-0.01538977566442401,-0.01538977566442401,-0.0007680939602536796,1.2981453644608534,102.6849,102.31826666666666,101.76010833333333,101.242016,多头,0.0008579645108481859,-0.0007680939602536796,5627806024.75,5942115405.766666,0.9471048003019872,,,,,,,,,,,,0.4423076923076923,0.7419354838709677,0.9038461538461539,0.8064516129032258,0.4230769230769231,0.8076923076923077,44,10,8,6,68,C,C,True,,观察,多头 / 回撤-1.5% / 1年+2.0%,18
159110,sz159110,科创债ETF万家,101.98,-0.012,920636512.0,9027350.0,101.974,101.98,科创债ETF万家,指数型-固收,,,,,101.98,科创债ETF万家,22117093.0,,科创债ETF万家,sz,22.555011441399998,DEFENSIVE,防守,False,3,9.20636512,缺折溢价,176,2025-09-24,2026-06-23,101.992,0.02997102887406844,,0.018992716627868722,0.00996177687996358,0.002329123875976613,0.008724898281263372,-0.004203783405064554,-0.004203783405064554,-0.0007348114473825218,,101.94055,101.59841666666668,101.07399166666667,,站上MA60,0.0005047059290930189,-0.0007348114473825218,1206727683.35,1135444897.1333334,1.0627796085892276,,,,,,,,,,,,0.7307692307692307,,0.7692307692307693,,0.6153846153846154,0.23076923076923078,47,7,8,6,68,C,C,False,F1历史不足252日;F2规模<30亿,观察,F1历史不足252日;F2规模<30亿 / 站上MA60 / 回撤-0.4%,19
551520,551520,科创债ETF汇添富,101.661,-0.033,816741399.0,8032700.0,101.66,101.67,科创债ETF汇添富,指数型-固收,,,,,101.661,,,,科创债ETF汇添富,,,DEFENSIVE,防守,False,3,8.16741399,"缺折溢价,缺规模",176,2025-09-24,2026-06-23,101.706,0.025529528961761194,,0.018129035487261635,0.010833267074819242,0.002899065199384765,0.0071484829813561355,-0.0033122854769791488,-0.0033122854769791488,-0.000628869018374667,,101.61749999999999,101.25,100.774625,,站上MA60,0.0008709129825079653,-0.000628869018374667,4246832424.45,4350956369.65,0.9760687222868255,,,,,,,,,,,,0.5,,0.6346153846153846,,0.8076923076923077,0.7115384615384616,48,6,8,6,68,C,C,False,F1历史不足252日,观察,F1历史不足252日 / 站上MA60 / 回撤-0.3%,20
551560,551560,科创债ETF兴业,101.595,-0.004,9898536949.0,97460110.0,101.556,101.58,科创债ETF兴业,指数型-固收,,,,,101.595,,,,科创债ETF兴业,,,DEFENSIVE,防守,False,3,98.98536949,"缺折溢价,缺规模",176,2025-09-24,2026-06-23,101.603,0.02391076179942342,,0.017352558325823386,0.010201139425514816,0.0030604286574589246,0.008633222925807423,-0.004503155204089837,-0.004503155204089837,-0.0003935342325591673,,101.49325000000002,101.14963333333334,100.66891666666668,,站上MA60,0.001081352700795124,-0.0003935342325591673,2797744680.05,3041895627.0333333,0.9197372372629873,,,,,,,,,,,,0.46153846153846156,,0.5,,0.6538461538461539,0.5,47,6,8,6,67,C,C,False,F1历史不足252日,观察,F1历史不足252日 / 站上MA60 / 回撤-0.5%,21
159600,sz159600,科创债ETF嘉实,101.303,-0.016,9420125780.0,92989570.0,101.3,101.303,科创债ETF嘉实,指数型-固收,,,,,101.303,科创债ETF嘉实,262388913.0,,科创债ETF嘉实,sz,265.80784053639,DEFENSIVE,防守,False,3,94.2012578,缺折溢价,225,2025-07-17,2026-06-23,101.319,0.013478995252794501,,0.015607145005112288,0.008671153233513973,0.0028605364743146122,0.008554086255857586,-0.009991814896887719,-0.009991814896887719,-0.00033546120983085626,,101.23119999999999,100.91928333333334,100.508025,,站上MA60,0.0008673215372336784,-0.00033546120983085626,4812089417.55,5064457313.133333,0.9501688177074997,,,,,,,,,,,,0.15384615384615385,,0.46153846153846156,,0.6730769230769231,0.7692307692307693,47,4,8,8,67,C,C,False,F1历史不足252日,观察,F1历史不足252日 / 站上MA60 / 回撤-1.0%,22
159700,sz159700,科创债ETF南方,101.287,-0.006,6168582743.0,60912400.0,101.26,101.287,科创债ETF南方,指数型-固收,,,,,101.287,科创债ETF南方,138859191.0,,科创债ETF南方,sz,140.64630878817002,DEFENSIVE,防守,False,3,61.68582743,缺折溢价,225,2025-07-17,2026-06-23,101.293,0.013017723662670733,,0.017774607129938502,0.009739224051995787,0.002761993387055295,0.008685009550609878,-0.012179173613121708,-0.012179173613121708,-0.0004539219846257936,,101.21255000000001,100.88583333333332,100.42110833333332,,站上MA60,0.0007948619020072822,-0.0004539219846257936,5035267378.05,5087166342.616667,0.9897980602419281,,,,,,,,,,,,0.1346153846153846,,0.5769230769230769,,0.6346153846153846,0.7884615384615384,47,4,8,8,67,C,C,False,F1历史不足252日,观察,F1历史不足252日 / 站上MA60 / 回撤-1.2%,23
551500,551500,科创债ETF易方达,101.84,-0.025,4982201708.0,48921110.0,101.841,101.851,科创债ETF易方达,指数型-固收,,,,,101.84,,,,科创债ETF易方达,,,DEFENSIVE,防守,False,3,49.82201708,"缺折溢价,缺规模",225,2025-07-17,2026-06-23,101.87,0.019391669219569252,,0.02033253205128216,0.01034445138702944,0.0024798756125883337,0.009493355797229801,-0.008332002873792543,-0.008332002873792543,-0.0005592237581798498,,101.78335,101.44185000000002,100.9143,,站上MA60,0.0008513180200888648,-0.0005592237581798498,4145270032.35,3898655470.616667,1.063256310692754,,,,,,,,,,,,0.38461538461538464,,0.8653846153846154,,0.5769230769230769,0.6923076923076923,47,6,8,6,67,C,C,False,F1历史不足252日,观察,F1历史不足252日 / 站上MA60 / 回撤-0.8%,24
159398,sz159398,信用债ETF天弘,102.175,-0.013,4389074287.0,42956300.0,102.173,102.175,信用债ETF天弘,指数型-固收,,,,,102.175,信用债ETF天弘,92332310.0,,信用债ETF天弘,sz,94.3405377425,DEFENSIVE,防守,False,3,43.89074287,缺折溢价,335,2025-02-06,2026-06-23,102.188,0.014979714570901415,0.013428010393319756,0.020349475786320514,0.009373857900611515,0.0020396156109041552,0.01306628561889619,-0.01144894894894899,-0.01144894894894899,-0.0006063569682150938,1.1728596618952034,102.12525000000001,101.82586666666667,101.30460833333333,100.95302,多头,0.0006144415803142067,-0.0006063569682150938,1302708295.85,2382484346.95,0.5467856682952382,,,,,,,,,,,,0.19230769230769232,0.41935483870967744,0.8846153846153846,0.7096774193548387,0.40384615384615385,0.25,44,9,8,6,67,C,C,True,,观察,多头 / 回撤-1.1% / 1年+1.3%,25
511260,sh511260,十年国债ETF国泰,135.912,0.092,3010011888.0,22147028.0,135.907,135.919,十年国债ETF国泰,指数型-固收,,,,,135.912,十年国债,19326500.0,2025-01-15,十年国债ETF国泰,sh,26.26703268,DEFENSIVE,防守,False,3,30.10011888,缺折溢价,780,2023-03-31,2026-06-23,135.787,0.03829159134587612,-0.0064026576517246525,0.0062694066295641004,0.0064931695710506165,0.0019036516169972373,0.021259979887264576,-0.024901780367757698,-0.024901780367757698,-0.008405263695979048,-0.25711646144043093,135.87404999999995,135.31186666666667,135.0052,135.323372,站上MA60,-0.0006406668528681214,-0.008405263695979048,3974459888.3,4270623643.0666666,0.9306509354324662,利率债,上证10年期国债,26.22,0.15,0.1,,,,BOND_GOV,nan,2026-06-16T16:32:27,0.8076923076923077,0.0967741935483871,0.23076923076923078,0.0967741935483871,0.21153846153846154,0.6538461538461539,43,7,8,9,67,C,C,False,F2规模<30亿,淘汰,F2规模<30亿 / 站上MA60 / 回撤-2.5% / 1年-0.6%,26
511220,sh511220,城投债ETF海富通,10.361,-0.029,1841548992.0,177706576.0,10.361,10.362,城投债ETF海富通,指数型-固收,,,,,10.361,城投ETF,1387981400.0000002,2025-01-15,城投债ETF海富通,sh,143.80875285400003,DEFENSIVE,防守,False,3,18.41548992,缺折溢价,780,2023-03-31,2026-06-23,10.364,0.016447031311399574,0.00777907429015956,0.0172752257557911,0.006702282661486203,0.00028954734099029267,0.018359238070639453,-0.029925668500820568,-0.022654661632297457,-0.003557350254783098,0.34337631770537586,10.37485,10.346050000000002,10.296391666666667,10.268716,多头,-0.001045798252504837,-0.003557350254783098,1986757899.15,1634009564.85,1.2158789898713855,信用债,上证城投债,143.86,0.25,0.15,,,,BOND_CREDIT,nan,2026-06-16T16:32:27,0.28846153846153844,0.3548387096774194,0.4807692307692308,0.3548387096774194,0.25,0.34615384615384615,43,7,8,9,67,C,C,True,,观察,多头 / 回撤-3.0% / 1年+0.8%,27
551300,551300,科创债ETF摩根,101.82,-0.027,1089079290.0,10697400.0,101.807,101.82,科创债ETF摩根,指数型-固收,,,,,101.82,,,,科创债ETF摩根,,,DEFENSIVE,防守,False,3,10.8907929,"缺折溢价,缺规模",170,2025-09-24,2026-06-12,101.677,0.026358714086425206,,0.018307644543260393,0.009762249985103333,0.002632876442165477,0.007482150471092991,-0.0036530956492230038,-0.0036530956492230038,-0.0019337613129943865,,101.66085,101.29103333333333,100.78276666666667,,站上MA60,0.00015886154798039342,-0.0019337613129943865,1398590335.25,2028116399.3333333,0.689600624357524,,,,,,,,,,,,0.5384615384615384,,0.6730769230769231,,0.7692307692307693,0.2692307692307692,48,6,8,5,67,C,C,False,F1历史不足252日,观察,F1历史不足252日 / 站上MA60 / 回撤-0.4%,28
511150,sh511150,科创债ETF永赢,101.873,-0.024,831639863.0,8164020.0,101.86,101.874,科创债ETF永赢,指数型-固收,,,,,101.873,,,,科创债ETF永赢,sh,,DEFENSIVE,防守,False,3,8.31639863,"缺折溢价,缺规模",176,2025-09-24,2026-06-23,101.897,0.027537256562660817,,0.018603302810987987,0.008581609422943615,0.0020553064275037336,0.008536897986456987,-0.0033237181726536447,-0.0033237181726536447,-0.0006080875646092831,,101.8287,101.53785,101.04650833333334,,站上MA60,0.0006707342821818951,-0.0006080875646092831,2426755637.25,2255827516.8333335,1.0757718039793267,,,,,,,,,,,,0.5961538461538461,,0.7115384615384616,,0.6923076923076923,0.4423076923076923,48,6,8,5,67,C,C,False,F1历史不足252日,观察,F1历史不足252日 / 站上MA60 / 回撤-0.3%,29
511380,sh511380,可转债ETF博时,13.987,0.388,7937488430.0,568827149.0,13.988,13.99,可转债ETF博时,指数型-固收,,,,,13.987,转债ETF,3378686700.0,2025-01-15,可转债ETF博时,sh,472.576908729,DEFENSIVE,防守,False,3,79.3748843,缺折溢价,780,2023-03-31,2026-06-23,13.933,0.0694823894198131,0.1442062905477539,0.036835838666468224,0.006065419885912249,-0.015892075151857532,0.12437967773186041,-0.11522847024272265,-0.09053581044695747,-0.06212977921378571,1.5928094069720684,14.01385,14.094016666666667,14.167091666666666,13.623972,震荡,-0.005769292521327074,-0.06212977921378571,10269264809.3,11231156892.883333,0.9143550310304328,,,,,,,,,,,,0.8846153846153846,0.8387096774193549,1.0,0.8387096774193549,0.11538461538461539,0.9423076923076923,38,11,9,9,67,C,D,False,F8防守回撤>8%,淘汰,F8防守回撤>8% / 震荡 / 回撤-11.5% / 1年+14.4%,30
511270,sh511270,10年地方债ETF海富通,120.158,0.092,1118529231.0,9314700.0,120.147,120.156,10年地方债ETF海,指数型-固收,,,,,120.158,10年地债,12537500.0,2025-01-15,10年地方债ETF海,sh,15.06480925,DEFENSIVE,防守,False,3,11.18529231,缺折溢价,780,2023-03-31,2026-06-23,120.047,0.03438423223347442,0.013670753538014724,0.025166524338172458,0.016873491169370203,0.0023964595858383397,0.017499778240088415,-0.02773961344920306,-0.02174316101737761,-0.0030892134962090534,0.6287380904316883,120.1433,119.38194999999997,118.455125,117.976844,多头,-0.000801542824277357,-0.0030892134962090534,1891431700.95,1854496864.6,1.0199163649478409,,,,,,,,,,,,0.7692307692307693,0.45161290322580644,0.9807692307692307,0.5161290322580645,0.28846153846153844,0.3269230769230769,43,11,8,4,66,C,C,False,F2规模<30亿,淘汰,F2规模<30亿 / 多头 / 回撤-2.8% / 1年+1.4%,31
511190,sh511190,信用债ETF海富通,102.25,-0.018,676237628.0,6614300.0,102.243,102.25,信用债ETF海富通,指数型-固收,,,,,102.25,,,,信用债ETF海富通,sh,,DEFENSIVE,防守,False,3,6.76237628,"缺折溢价,缺规模",336,2025-02-05,2026-06-23,102.268,0.016718224016710748,0.015540748537779425,0.02190335345137706,0.011723039482405495,0.002902757619738905,0.014393813925075922,-0.02206600080849508,-0.02206600080849508,-0.0007035372288450858,0.7042847805840953,102.18115,101.80869999999999,101.218425,100.827848,多头,0.0008499610740337893,-0.0007035372288450858,1023213816.4,858976481.9,1.1912012004527968,,,,,,,,,,,,0.3076923076923077,0.5483870967741935,0.9423076923076923,0.5483870967741935,0.34615384615384615,0.21153846153846154,44,9,8,5,66,C,C,True,,观察,多头 / 回撤-2.2% / 1年+1.6%,32
159001,sz159001,货币ETF易方达,100.001,-0.001,556314380.0,5563155.0,100.0,100.001,,,,,,,,货币ETF易方达,16789485.0,,货币ETF易方达,sz,16.78965289485,DEFENSIVE,防守,False,3,5.5631438,缺折溢价,780,2023-03-31,2026-06-23,100.002,1.0000000000731646e-05,9.999900000945416e-06,1.999999999990898e-05,9.999900000945416e-06,1.999999999990898e-05,0.00016279994027980292,-0.00010999670009892437,-7.999840003192205e-05,-9.999700009033496e-06,0.12500124998693876,100.00025,100.00018333333334,100.00020833333333,100.000188,站上MA60,1.7499956250111026e-05,0.0,564119913.15,633067192.3666667,0.8910901085255843,,,,,,,,,,,,0.07692307692307693,0.22580645161290322,0.17307692307692307,0.3225806451612903,1.0,0.09615384615384616,51,4,8,3,66,C,C,True,,观察,站上MA60 / 回撤-0.0% / 1年+0.0%,33
511100,sh511100,国债ETF华夏,109.223,0.016,10843105513.0,99277100.0,109.206,109.21,国债ETF华夏,指数型-固收,,,,,109.223,基准国债,3110500.0,2025-01-15,国债ETF华夏,sh,3.397381415,DEFENSIVE,防守,False,3,108.43105513,缺折溢价,601,2023-12-25,2026-06-23,109.206,0.036912329236410635,-0.0013077394397753572,0.01552023954545878,0.015680803571428648,0.0030033339762487454,0.020692463726514506,-0.02830755232029125,-0.02830755232029125,-0.006314831665150122,-0.04619754562240803,109.16505000000002,108.62693333333333,108.09855833333333,108.33285999999998,站上MA60,0.0003751200590296211,-0.006314831665150122,10967833805.45,10661838795.7,1.028700022164414,,,,,,,,,,,,0.7884615384615384,0.12903225806451613,0.4423076923076923,0.12903225806451613,0.23076923076923078,0.9615384615384616,43,8,8,6,65,C,C,False,F2规模<30亿,淘汰,F2规模<30亿 / 站上MA60 / 回撤-2.8% / 1年-0.1%,34
551030,551030,科创债ETF鹏华,101.52,-0.027,5648961556.0,55638800.0,101.518,101.527,科创债ETF鹏华,指数型-固收,,,,,101.52,,,,科创债ETF鹏华,,,DEFENSIVE,防守,False,3,56.48961556,"缺折溢价,缺规模",225,2025-07-17,2026-06-23,101.553,0.015373893964860663,,0.019096838936276894,0.010387129510790016,0.0026855974960751094,0.009957076817868556,-0.010468017163955623,-0.010468017163955623,-0.0005806400818800794,,101.4709,101.13325,100.63040000000001,,站上MA60,0.0008090989633480206,-0.0005806400818800794,6728081914.85,6868971711.95,0.9794889536588289,,,,,,,,,,,,0.23076923076923078,,0.7884615384615384,,0.5384615384615384,0.8461538461538461,45,5,8,7,65,C,C,False,F1历史不足252日,观察,F1历史不足252日 / 站上MA60 / 回撤-1.0%,35
551550,551550,科创债ETF华夏,101.371,-0.025,2295570118.0,22645200.0,101.371,101.377,科创债ETF华夏,指数型-固收,,,,,101.371,,,,科创债ETF华夏,,,DEFENSIVE,防守,False,3,22.95570118,"缺折溢价,缺规模",225,2025-07-17,2026-06-23,101.405,0.014556018114204816,,0.01875665574956309,0.009647935003385122,0.002431815261123571,0.010155169272848253,-0.011180992313067795,-0.011180992313067795,-0.000581487029882477,,101.32905000000001,101.02140000000001,100.52474166666666,,站上MA60,0.0007495382617324076,-0.000581487029882477,7059473543.55,8572571271.433333,0.823495462449466,,,,,,,,,,,,0.17307692307692307,,0.7307692307692307,,0.5192307692307693,0.8846153846153846,45,5,8,7,65,C,C,False,F1历史不足252日,观察,F1历史不足252日 / 站上MA60 / 回撤-1.1%,36
159816,sz159816,0-4年地方债ETF鹏华,113.673,0.006,646584215.0,5687900.0,113.673,113.68,0-4年地方债ETF,指数型-固收,,,,,113.673,0-4年地方债ETF鹏华,93707484.0,,0-4年地方债ETF,sz,106.52010828732,DEFENSIVE,防守,False,3,6.46584215,缺折溢价,780,2023-03-30,2026-06-23,113.666,0.02441858371384109,0.0003168177417935958,0.0003960535464395676,-0.007145103245868367,-0.0050070904602671495,0.013125951650781413,-0.009063944866090967,-0.009063944866090967,-0.008409665881531914,0.034953626315495305,114.29940000000002,114.09566666666667,114.07225833333334,114.07636000000001,跌破MA250,-0.005541586395029441,-0.008409665881531914,2305221091.25,2701857167.483333,0.8531987253039053,,,,,,,,,,,,0.4807692307692308,0.3225806451612903,0.19230769230769232,0.2903225806451613,0.38461538461538464,0.4230769230769231,44,6,8,7,65,C,C,True,,观察,跌破MA250 / 回撤-0.9% / 1年+0.0%,37
511880,sh511880,银华日利ETF,100.544,-0.01,21020910821.0,209065467.0,100.544,100.545,,,,,,,,,,,银华日利ETF,sh,,DEFENSIVE,防守,False,3,210.20910821,"缺折溢价,缺规模",780,2023-03-31,2026-06-23,100.554,-0.0006621159181636749,-0.0004175116306811555,-0.00604946325840694,0.0027023523428697516,0.0008061867367352704,0.01123110171054862,-0.01745150994353062,-0.01133455210237655,-0.012482199852688391,-0.03683530031977308,100.50954999999998,100.42490000000002,100.366975,100.639712,站上MA60,0.0004422465327924563,-0.006334305054597422,16310401274.75,16831618561.216667,0.969033442353093,,,,,,,,,,,,0.019230769230769232,0.16129032258064516,0.11538461538461539,0.16129032258064516,0.4807692307692308,0.9807692307692307,45,4,8,7,64,C,C,True,,观察,站上MA60 / 回撤-1.7% / 1年-0.0%,38
511120,sh511120,科创债ETF广发,101.475,-0.034,1271563265.0,12530800.0,101.47,101.475,科创债ETF广发,指数型-固收,,,,,101.475,,,,科创债ETF广发,sh,,DEFENSIVE,防守,False,3,12.71563265,"缺折溢价,缺规模",225,2025-07-17,2026-06-23,101.51,0.015505440676112814,,0.018900498860750625,0.009868879205714443,0.002528295178461981,0.010807880659766891,-0.009461927718058538,-0.009461927718058538,-0.0006497597857760828,,101.4315,101.09278333333333,100.57573333333333,,站上MA60,0.0007739213163564518,-0.0006497597857760828,2801835451.95,3446713344.8166666,0.8129006307308773,,,,,,,,,,,,0.25,,0.75,,0.5,0.5192307692307693,45,5,8,6,64,C,C,False,F1历史不足252日,观察,F1历史不足252日 / 站上MA60 / 回撤-0.9%,39
511060,sh511060,5年地方债ETF海富通,108.153,0.068,2994757349.0,27697800.0,108.15,108.153,5年地方债ETF海富,指数型-固收,,,,,108.153,5年地债,7896300.0,2025-01-15,5年地方债ETF海富,sh,8.540085339,DEFENSIVE,防守,False,3,29.94757349,缺折溢价,780,2023-03-31,2026-06-23,108.079,0.017482822752184823,0.007795380584280531,0.013227959650504273,0.009867037926426958,0.0004998842860448605,0.013288996174450469,-0.022988187267370397,-0.014394115730180235,-0.0017917671072197328,0.5415671744208578,108.13045000000002,107.77596666666668,107.2473,106.931488,多头,-0.0004758141670549998,-0.0015704533067280035,910838316.85,1062293559.7833333,0.8574261873862585,,,,,,,,,,,,0.3269230769230769,0.3870967741935484,0.38461538461538464,0.45161290322580644,0.36538461538461536,0.17307692307692307,44,7,8,4,63,C,C,False,F2规模<30亿,淘汰,F2规模<30亿 / 多头 / 回撤-2.3% / 1年+0.8%,40
551900,551900,科创债ETF招商,101.44,-0.025,1302578403.0,12840900.0,101.43,101.44,科创债ETF招商,指数型-固收,,,,,101.44,,,,科创债ETF招商,,,DEFENSIVE,防守,False,3,13.02578403,"缺折溢价,缺规模",225,2025-07-17,2026-06-23,101.466,0.01500110284332723,,0.019697304685144523,0.010406189940350918,0.002618551200086916,0.009631607552114542,-0.010229030487500568,-0.010229030487500568,-0.0006401985600458238,,101.38305,101.03978333333335,100.5299,,站上MA60,0.0008181841047394389,-0.0006401985600458238,2115642696.1,2865763896.2,0.7382473828026587,,,,,,,,,,,,0.21153846153846154,,0.8461538461538461,,0.5576923076923077,0.36538461538461536,45,5,8,5,63,C,C,False,F1历史不足252日,观察,F1历史不足252日 / 站上MA60 / 回撤-1.0%,41
511010,sh511010,国债ETF国泰,141.433,0.043,728986449.0,5155400.0,141.429,141.433,国债ETF国泰,指数型-固收,,,,,141.433,国债ETF,17146300.0,2025-01-15,国债ETF国泰,sh,24.250526479,DEFENSIVE,防守,False,3,7.28986449,缺折溢价,780,2023-03-31,2026-06-23,141.372,0.026684094220126964,-0.00019094901661242947,0.004683291522460831,0.00431928618112587,0.0013883379611268065,0.015409844681202552,-0.015572435097221948,-0.014178693867185732,-0.0029409897805893204,-0.013467320643289276,141.3673,140.95244999999997,140.73220833333335,140.85052000000002,站上MA60,3.324672678917118e-05,-0.0027510898548269713,496686885.8,612672188.05,0.8106894608368702,,,,,,,,,,,,0.5769230769230769,0.1935483870967742,0.21153846153846154,0.1935483870967742,0.3076923076923077,0.057692307692307696,43,6,8,5,62,C,C,False,F2规模<30亿,淘汰,F2规模<30亿 / 站上MA60 / 回撤-1.6% / 1年-0.0%,42
511180,sh511180,可转债ETF海富通,12.708,-0.071,1304566281.0,102796307.0,12.708,12.709,可转债ETF海富通,指数型-固收,,,,,12.708,上证转债,481959700.0,2025-01-15,可转债ETF海富通,sh,61.247438676,DEFENSIVE,防守,False,3,13.04566281,缺折溢价,780,2023-03-31,2026-06-23,12.717,0.06004760394618969,0.0958207669108142,0.013226037765915022,-0.0022752235995606718,-0.010273173009572756,0.10222915071355079,-0.08095940959409609,-0.08095940959409609,-0.061476014760147635,1.1835655347689427,12.8118,12.87785,12.990299999999998,12.64826,震荡,-0.007399428651711615,-0.061476014760147635,2203407310.4,2783716357.983333,0.791534419115984,,,,,,,,,,,,0.8653846153846154,0.8064516129032258,0.36538461538461536,0.7419354838709677,0.1346153846153846,0.38461538461538464,38,9,9,6,62,C,D,False,F8防守回撤>8%,淘汰,F8防守回撤>8% / 震荡 / 回撤-8.1% / 1年+9.6%,43
159400,sz159400,科创债ETF景顺,100.87,0.0,1888849044.0,18728920.0,100.852,100.87,科创债ETF景顺,指数型-固收,,,,,100.87,科创债ETF景顺,69707356.0,,科创债ETF景顺,sz,70.3138099972,DEFENSIVE,防守,False,3,18.88849044,缺折溢价,225,2025-07-17,2026-06-23,100.87,0.007368159805966501,,0.009305583350009972,-0.0008815459741082776,-0.008424508734161007,0.014938277820080639,-0.011821274303442486,-0.011821274303442486,-0.008424508734161007,,100.80229999999999,101.20241666666668,100.84149166666666,,震荡,0.0006716116596547916,-0.008424508734161007,887378155.2,901990469.5833334,0.983799923750765,,,,,,,,,,,,0.09615384615384616,,0.3076923076923077,,0.3269230769230769,0.15384615384615385,44,2,8,5,59,D,D,False,F1历史不足252日,观察,F1历史不足252日 / 震荡 / 回撤-1.2%,44
511130,sh511130,30年国债ETF博时,106.12,-0.005,1600811282.0,15079794.0,106.12,106.126,30年国债ETF博时,指数型-固收,,,,,106.12,国债30年,26857700.0,2025-01-15,30年国债ETF博时,sh,28.50139124,DEFENSIVE,防守,False,3,16.00811282,缺折溢价,540,2024-03-28,2026-06-23,106.125,0.030065021854500218,-0.05306410164894004,0.009800656548836884,0.018972817789897123,0.002389678101858861,0.05453767901440763,-0.10375396928966019,-0.08835163668221191,-0.07673235025446945,-0.6006012298312476,106.15360000000001,105.43683333333334,104.99718333333334,106.934228,站上MA60,-0.0002694209145993609,-0.06086564073520173,2647797026.9,2607382810.9,1.0154999165565757,,,,,,,,,,,,0.75,0.06451612903225806,0.3269230769230769,0.06451612903225806,0.17307692307692307,0.4807692307692308,38,6,9,6,59,D,D,False,F2规模<30亿;F8防守回撤>8%,淘汰,F2规模<30亿;F8防守回撤>8% / 站上MA60 / 回撤-10.4% / 1年-5.3%,45
511660,sh511660,货币ETF建信,99.998,-0.003,837623875.0,8376355.0,99.997,99.999,,,,,,,,,,,货币ETF建信,sh,,DEFENSIVE,防守,False,3,8.37623875,"缺折溢价,缺规模",780,2023-03-31,2026-06-23,100.001,0.0,2.0000200002145974e-05,1.0000000000065512e-05,4.000120003611052e-05,-7.999280064785452e-05,0.030099793450725436,-0.021134550438059896,-0.021134550438059896,-0.021085605207772473,0.0009463272029732347,100.11105,100.03933333333335,100.02084166666667,100.011656,跌破MA250,-0.0010992792503924376,-0.021085605207772473,527379636.2,961352537.6833333,0.5485808956939762,,,,,,,,,,,,0.038461538461538464,0.2903225806451613,0.15384615384615385,0.22580645161290322,0.19230769230769232,0.07692307692307693,43,4,8,4,59,D,D,True,,淘汰,跌破MA250 / 回撤-2.1% / 1年+0.0%,46
511090,sh511090,30年国债ETF鹏扬,116.532,-0.016,3760863780.0,32260483.0,116.534,116.542,30年国债ETF鹏扬,指数型-固收,,,,,116.532,30年国债,61318100.00000001,2025-01-15,30年国债ETF鹏扬,sh,71.45520829200001,DEFENSIVE,防守,False,3,37.6086378,缺折溢价,732,2023-06-13,2026-06-23,116.551,0.05060841562693219,-0.061435013689805196,0.013619167717528358,0.021114235901209977,0.001787817058181318,0.056646173419184265,-0.11435009264202489,-0.09961847902432786,-0.08495587727287002,-0.616702988155462,116.62570000000001,115.79120000000002,115.16907499999999,117.93345199999999,站上MA60,-0.0006405106250166881,-0.06973532980014041,4318961703.15,4032895107.7833333,1.070933309129357,,,,,,,,,,,,0.8461538461538461,0.03225806451612903,0.40384615384615385,0.03225806451612903,0.15384615384615385,0.7307692307692307,34,6,9,7,56,D,D,False,F8防守回撤>8%,淘汰,F8防守回撤>8% / 站上MA60 / 回撤-11.4% / 1年-6.1%,47
518800,sh518800,黄金ETF国泰,8.929,-0.235,545577911.0,61296040.0,8.931,8.932,黄金ETF国泰,指数型-其他,,,,,8.929,黄金基金,1183019900.0,2025-01-15,黄金ETF国泰,sh,105.63184687100001,DEFENSIVE,防守,False,3,5.45577911,缺折溢价,780,2023-03-31,2026-06-23,8.95,0.2728515876506856,0.21967838648132987,-0.027491035531891805,-0.0257973223032546,-0.10230692076228698,0.2934612681482233,-0.24912788224283167,-0.24912788224283167,-0.2384922998383392,0.8817896435502286,9.475299999999999,9.857583333333336,10.027816666666668,8.993152,跌破MA250,-0.05543887792470947,-0.2384922998383392,580467928.1,665405933.8,0.8723515956418724,,,,,,,,,,,,0.9807692307692307,1.0,0.09615384615384616,0.6129032258064516,0.038461538461538464,0.11538461538461539,25,10,11,6,52,D,D,True,,淘汰,跌破MA250 / 回撤-24.9% / 1年+22.0%,48
518880,sh518880,黄金ETF华安,8.515,-0.258,3418706769.0,402997039.0,8.514,8.517,黄金ETF华安,指数型-其他,,,,,8.515,黄金ETF,4730440800.0,2025-01-15,黄金ETF华安,sh,402.79703412,DEFENSIVE,防守,False,3,34.18706769,缺折溢价,780,2023-03-31,2026-06-23,8.537,0.24743143926950828,0.149299946149704,-0.08381626958574784,-0.08194429508549295,-0.10250210260723291,0.2872522189154427,-0.28545026881720426,-0.28545026881720426,-0.2828461021505375,0.5230331250635893,9.03795,9.534916666666668,9.929158333333334,8.997188,跌破MA250,-0.05542739227369031,-0.2828461021505375,3357255216.1,4575928584.45,0.7336773627780563,商品,SGE黄金9999,422.33,0.5,0.2,,,,COMMODITY_GOLD,nan,2026-06-16T16:32:27,0.9230769230769231,0.8709677419354839,0.019230769230769232,0.3870967741935484,0.057692307692307696,0.5769230769230769,25,6,11,9,51,D,D,False,F8防守回撤>25%,淘汰,F8防守回撤>25% / 跌破MA250 / 回撤-28.5% / 1年+14.9%,49
159934,sz159934,黄金ETF易方达,8.901,-0.269,1005141954.0,113370071.0,8.901,8.902,黄金ETF易方达,指数型-其他,,,,,8.901,黄金ETF易方达,3881908998.0,,黄金ETF易方达,sz,345.52871991198,DEFENSIVE,防守,False,3,10.05141954,缺折溢价,780,2023-03-31,2026-06-23,8.925,0.27088492962543587,0.21346023113528223,-0.08282807522351243,-0.080655129789864,-0.10157036440507339,0.2953661673269966,-0.2857142857142857,-0.2857142857142857,-0.28290213723284585,0.7471108089734878,9.442600000000002,9.96063333333333,10.37186666666667,9.280363999999999,跌破MA250,-0.05481541100967968,-0.28290213723284585,920577834.0,1172737468.9166667,0.7849820257302746,,,,,,,,,,,,0.9615384615384616,0.967741935483871,0.057692307692307696,0.5806451612903226,0.019230769230769232,0.19230769230769232,25,8,11,7,51,D,D,False,F8防守回撤>25%,淘汰,F8防守回撤>25% / 跌破MA250 / 回撤-28.6% / 1年+21.3%,50
159937,sz159937,黄金ETF博时,8.503,-0.258,835584816.0,98712700.0,8.503,8.504,黄金ETF博时,指数型-其他,,,,,8.503,黄金ETF博时,4816521977.0,,黄金ETF博时,sz,409.54886370431,DEFENSIVE,防守,False,3,8.35584816,缺折溢价,780,2023-03-31,2026-06-23,8.525,0.24741420531935887,0.14985163204747787,-0.08303753899107236,-0.08026755852842804,-0.10149662731871834,0.28703722873132437,-0.2860868102288021,-0.2860868102288021,-0.2828903095558546,0.5237977658866266,9.017,9.511733333333332,9.905225,8.977604,跌破MA250,-0.05456360208495059,-0.2828903095558546,761893736.3,957939156.6833333,0.7953466887582922,,,,,,,,,,,,0.9038461538461539,0.9032258064516129,0.038461538461538464,0.41935483870967744,0.07692307692307693,0.1346153846153846,26,7,11,6,50,D,D,False,F8防守回撤>25%,淘汰,F8防守回撤>25% / 跌破MA250 / 回撤-28.6% / 1年+15.0%,51
518850,sh518850,黄金ETF华夏,8.597,-0.255,592705214.0,69218220.0,8.598,8.599,黄金ETF华夏,指数型-其他,,,,,8.597,黄金9999,214278700.0,2025-01-15,黄金ETF华夏,sh,18.421539838999998,DEFENSIVE,防守,False,3,5.92705214,缺折溢价,780,2023-03-31,2026-06-23,8.619,0.2487681794741745,0.1544334315563889,-0.08142385164659482,-0.08083608830116251,-0.10218749999999999,0.2827802335635236,-0.28360450563204,-0.28360450563204,-0.2808510638297872,0.5445380044728806,9.122800000000002,9.620633333333334,10.013633333333333,9.063583999999999,跌破MA250,-0.055224273249441125,-0.2808510638297872,449410435.95,593300761.95,0.757474901048372,,,,,,,,,,,,0.9423076923076923,0.9354838709677419,0.07692307692307693,0.4838709677419355,0.09615384615384616,0.038461538461538464,26,7,11,3,47,D,D,False,F8防守回撤>25%,淘汰,F8防守回撤>25% / 跌破MA250 / 回撤-28.4% / 1年+15.4%,52
159558,sz159558,半导体设备ETF易方达,3.887,5.596,1339673669.0,354175368.0,3.887,3.888,半导体设备ETF易方,指数型-股票,,,,,3.887,半导体设备ETF易方达,2926854641.0,,半导体设备ETF易方,sz,113.76683989566999,SATELLITE,科技,False,4,13.39673669,缺折溢价,488,2024-06-18,2026-06-23,3.681,0.9610353206266455,2.165090283748925,1.1155172413793104,0.9527851458885941,0.16156516251183328,0.42198916707296547,-0.2505091649694501,-0.19696969696969702,-0.0037889039242218203,10.991996825186847,3.0923000000000003,2.57505,2.3218916666666662,1.8875719999999996,多头,0.1903760954629239,-0.0037889039242218203,917650927.9,656964936.15,1.3968035086890536,,,,,,,,,,,,0.974025974025974,0.9444444444444444,0.948051948051948,0.9305555555555556,0.24358974358974358,0.5641025641025641,15,45,4,8,72,B,B,True,,小仓/等待,多头 / 回撤-25.1% / 1年+216.5% / 增强仓管理,1
588710,sh588710,科创半导体设备ETF华泰柏瑞,3.502,5.673,629005251.0,185442544.0,3.502,3.503,科创半导体设备ETF,指数型-股票,,,,,3.502,,,,科创半导体设备ETF,sh,,SATELLITE,科技,False,4,6.29005251,"缺折溢价,缺规模",256,2025-06-04,2026-06-23,3.314,2.252535131630713,2.323971915747242,1.2063914780292944,1.0520123839009288,0.18061987887424302,0.4314065577958596,-0.19736842105263153,-0.19736842105263153,0.0,11.77479103978603,2.7577,2.2588999999999997,2.0145,1.6326800000000001,多头,0.20172607607789117,0.0,503462899.45,348489498.0833333,1.4447003488455434,,,,,,,,,,,,1.0,0.9722222222222222,0.974025974025974,0.9861111111111112,0.1794871794871795,0.21794871794871795,17,45,4,5,71,B,C,True,,观察,多头 / 回撤-19.7% / 1年+232.4%,2
513310,sh513310,中韩半导体ETF华泰柏瑞,6.309,3.545,13477400309.0,2154487045.0,6.309,6.31,中韩半导体ETF华泰,指数型-海外股票,,,,,6.309,中韩芯片,375427000.0,2025-01-15,中韩半导体ETF华泰,sh,23.68568943,SATELLITE,科技,False,4,134.77400309,缺折溢价,780,2023-03-31,2026-06-23,6.093,0.7874020549459322,2.832075471698113,1.5741444866920151,0.6068037974683544,0.008607846383049012,0.522048535972677,-0.22678951098511702,-0.21800509141402447,-0.062326869806094254,12.990868485358334,5.95445,4.937683333333334,4.1805916666666665,3.085548,多头,0.023268311934771635,-0.062326869806094254,9587136615.0,8380116383.416667,1.1440338267821548,,,,,,,,,,,,0.948051948051948,1.0,1.0,1.0,0.14102564102564102,1.0,13,44,5,8,70,B,B,True,,小仓/等待,多头 / 回撤-22.7% / 1年+283.2% / 增强仓管理,3
588170,sh588170,科创半导体ETF华夏,3.39,5.084,4003498578.0,1210305659.0,3.39,3.391,科创半导体ETF华夏,指数型-股票,,,,,3.39,,,,科创半导体ETF华夏,sh,,SATELLITE,科技,False,4,40.03498578,"缺折溢价,缺规模",293,2025-04-08,2026-06-23,3.226,1.906631096864102,2.356919875130073,1.2202339986235375,1.0679487179487177,0.18733897681266098,0.43498426000225654,-0.20125130344108444,-0.20125130344108444,0.0,11.71132725518,2.6717999999999997,2.1840833333333336,1.9479666666666664,1.58048,多头,0.20742570551688022,0.0,2650351382.25,1746825787.8,1.5172385253070513,,,,,,,,,,,,0.987012987012987,0.9861111111111112,0.987012987012987,0.9722222222222222,0.16666666666666666,0.8974358974358975,14,45,4,7,70,B,B,True,,小仓/等待,多头 / 回撤-20.1% / 1年+235.7% / 增强仓管理,4
159326,sz159326,电网设备ETF华夏,2.189,-0.091,974822668.0,448557524.0,2.189,2.19,电网设备ETF华夏,指数型-股票,,,,,2.189,电网设备ETF华夏,11666265525.0,,电网设备ETF华夏,sz,255.37455234225,SATELLITE,行业主题,False,4,9.74822668,缺折溢价,429,2024-09-09,2026-06-23,2.191,0.6012965860671688,1.0611476952022576,0.5289602233077457,0.18240690771721524,0.040855106888360915,0.30954211515101826,-0.19114027891714525,-0.14704491725768332,-0.02967227635075298,7.216486737468724,2.0802500000000004,2.0091166666666664,1.8918749999999998,1.568132,多头,0.05323879341425286,-0.02967227635075298,1418105005.25,1533080324.9166667,0.9250037210718777,,,,,,,,,,,,0.8961038961038961,0.7916666666666666,0.8311688311688312,0.8472222222222222,0.5641025641025641,0.7435897435897436,19,40,3,8,70,B,B,True,,小仓/等待,多头 / 回撤-19.1% / 1年+106.1% / 增强仓管理,5
159941,sz159941,纳指ETF广发,1.644,0.983,2405221947.0,1472956302.0,1.644,1.645,纳指ETF广发,指数型-海外股票,,,,,1.644,纳指ETF广发,22478610164.0,,纳指ETF广发,sz,369.54835109616,SATELLITE,跨境,True,4,24.05221947,缺折溢价,780,2023-03-31,2026-06-23,1.628,0.3242768716006774,0.3726812816188869,0.1670250896057346,0.2708821233411398,-0.010334346504559333,0.22210548640059474,-0.24725274725274726,-0.15530047265361258,-0.07709750566893436,2.3997433829459607,1.6578499999999998,1.5041166666666668,1.4396083333333334,1.3777399999999997,多头,-0.01800524776065382,-0.07709750566893436,2544932685.8,1721645501.4833333,1.4781978540921112,,,,,,,,,,,,0.7532467532467533,0.625,0.7012987012987013,0.6527777777777778,0.9102564102564102,0.8461538461538461,18,36,4,9,67,C,C,True,,观察,多头 / 回撤-24.7% / 1年+37.3%,6
560780,sh560780,半导体设备ETF广发,3.659,5.782,923211228.0,258067004.0,3.655,3.656,半导体设备ETF广发,指数型-股票,,,,,3.659,半导设备,198496000.0,2025-01-15,半导体设备ETF广发,sh,7.26296864,SATELLITE,科技,False,4,9.23211228,缺折溢价,610,2023-12-12,2026-06-23,3.459,0.6745909482129577,2.1646843549862766,1.1143031784841075,0.9520316027088036,0.15840589417280637,0.42327287784501827,-0.25981873111782483,-0.19362292051756003,-0.0028826751225136116,11.179897241504305,2.9103000000000003,2.42255,2.1837083333333336,1.7761800000000003,多头,0.18853726419956685,-0.0028826751225136116,564351005.35,348644914.48333335,1.618698515038797,,,,,,,,,,,,0.935064935064935,0.9305555555555556,0.935064935064935,0.9583333333333334,0.23076923076923078,0.2692307692307692,15,44,4,4,67,C,C,False,F2规模<8亿,淘汰,F2规模<8亿 / 多头 / 回撤-26.0% / 1年+216.5%,7
561980,sh561980,半导体设备ETF招商,4.029,5.665,573245406.0,146821030.0,4.03,4.031,半导体设备ETF招商,指数型-股票,,,,,4.029,芯片设备,710110000.0,2025-01-15,半导体设备ETF招商,sh,28.6103319,SATELLITE,科技,False,4,5.73245406,缺折溢价,676,2023-09-01,2026-06-23,3.813,0.6184338682210153,2.075,0.9604113110539847,0.8682018618324352,0.10393746381007518,0.4272036464732932,-0.31901279707495434,-0.2063492063492064,-0.004178636719770146,10.05576923076923,3.274,2.7646666666666664,2.510183333333333,2.070112,多头,0.16463042150274898,-0.004178636719770146,390705234.6,308485096.65,1.266528720002591,,,,,,,,,,,,0.922077922077922,0.9166666666666666,0.922077922077922,0.9027777777777778,0.20512820512820512,0.11538461538461539,12,43,4,5,64,C,C,True,,观察,多头 / 回撤-31.9% / 1年+207.5%,8
588200,sh588200,科创芯片ETF嘉实,4.377,4.713,7062032314.0,1652543942.0,4.381,4.382,科创芯片ETF嘉实,指数型-股票,,,,,4.377,科创芯片,15000894800.0,2025-01-15,科创芯片ETF嘉实,sh,656.589165396,SATELLITE,科技,False,4,70.62032314,缺折溢价,780,2023-03-31,2026-06-23,4.18,0.489066838595021,1.81102891728312,0.8719211822660096,0.778723404255319,0.07069672131147531,0.4270808019713429,-0.4211663066954643,-0.19295774647887332,-0.011586663513833195,9.385624315846822,3.6799499999999994,3.1727500000000006,2.8684,2.422204,多头,0.1358849984374788,-0.011586663513833195,5694822693.8,4424215617.8,1.2871937504329471,,,,,,,,,,,,0.8831168831168831,0.9027777777777778,0.9090909090909091,0.8888888888888888,0.21794871794871795,0.9743589743589743,10,40,4,9,63,C,C,True,,观察,多头 / 回撤-42.1% / 1年+181.1%,9
159509,sz159509,纳指科技ETF景顺,2.669,0.679,1048763293.0,394885977.0,2.669,2.67,纳指科技ETF景顺,指数型-海外股票,,,,,2.669,纳指科技ETF景顺,6621564118.0,,纳指科技ETF景顺,sz,176.72954630942002,SATELLITE,跨境,True,4,10.48763293,缺折溢价,694,2023-08-08,2026-06-23,2.651,0.431557614355631,0.695012787723785,0.15865384615384626,0.31956197112991536,-0.019237883832778357,0.2794098920271292,-0.3046919163369135,-0.1974947807933195,-0.07630662020905932,3.5191450879460136,2.7241999999999997,2.4397500000000005,2.3046833333333336,2.126976,多头,-0.026870273841861803,-0.07630662020905932,1133214354.1,1040153884.0333333,1.0894679830505583,,,,,,,,,,,,0.8571428571428571,0.75,0.6883116883116883,0.7361111111111112,0.6794871794871795,0.6282051282051282,14,37,4,8,63,C,C,True,,观察,多头 / 回撤-30.5% / 1年+69.5%,10
159732,sz159732,消费电子ETF华夏,1.795,5.032,956216483.0,548127739.0,1.794,1.795,消费电子ETF华夏,指数型-股票,,,,,1.795,消费电子ETF华夏,2915447904.0,,消费电子ETF华夏,sz,52.33228987679999,SATELLITE,科技,False,4,9.56216483,缺折溢价,780,2023-03-31,2026-06-23,1.709,0.3939190962417276,1.1966580976863752,0.6046948356807513,0.5809435707678077,0.04910988336402711,0.34858757305168503,-0.2783933518005539,-0.18031430934656745,-0.035553047404063176,6.636512110563428,1.59725,1.3918,1.273025,1.1266,多头,0.069964000626076,-0.035553047404063176,596381847.15,349369637.93333334,1.7070225411625537,,,,,,,,,,,,0.8181818181818182,0.8194444444444444,0.8441558441558441,0.8333333333333334,0.4230769230769231,0.32051282051282054,14,39,4,6,63,C,C,True,,观察,多头 / 回撤-27.8% / 1年+119.7%,11
562590,sh562590,半导体设备ETF华夏,3.518,5.9,739303714.0,219285100.0,3.522,3.523,半导体设备ETF华夏,指数型-股票,,,,,3.518,半导材料,348663000.0,2025-01-15,半导体设备ETF华夏,sh,12.26596434,SATELLITE,科技,False,4,7.39303714,缺折溢价,649,2023-10-18,2026-06-23,3.322,0.6070636520834984,2.1698473282442747,1.128122998078155,0.9645180366646955,0.1660231660231659,0.4199460012107055,-0.3263558515699334,-0.1944847605224964,-0.0015028554253080362,11.156901560897799,2.7825999999999995,2.3148,2.0862583333333333,1.696612,多头,0.19384748077337766,-0.0015028554253080362,461312917.0,328951548.93333334,1.4023734452561936,,,,,,,,,,,,0.9090909090909091,0.9583333333333334,0.961038961038961,0.9444444444444444,0.2564102564102564,0.15384615384615385,12,44,4,3,63,C,C,True,,观察,多头 / 回撤-32.6% / 1年+217.0%,12
513300,sh513300,纳斯达克ETF华夏,2.681,0.903,666923609.0,250519640.0,2.681,2.682,纳斯达克ETF华夏,指数型-海外股票,,,,,2.681,纳斯达克,2692421000.0,2025-01-15,纳斯达克ETF华夏,sh,72.18380701,SATELLITE,跨境,True,4,6.66923609,缺折溢价,780,2023-03-31,2026-06-23,2.657,0.3212338499741947,0.3535404992358635,0.15622280243690168,0.2574538570752485,-0.011532738095238138,0.21519897247049188,-0.2689114391143912,-0.1633401221995927,-0.07260034904013968,2.1644437047981167,2.7090500000000004,2.4659000000000004,2.3646666666666665,2.273792,多头,-0.019213377383215602,-0.07260034904013968,854070893.65,619564657.7333333,1.3785016349618837,,,,,,,,,,,,0.7402597402597403,0.5833333333333334,0.6623376623376623,0.6111111111111112,0.9358974358974359,0.5512820512820513,18,34,4,7,63,C,C,True,,观察,多头 / 回撤-26.9% / 1年+35.4%,13
513880,sh513880,日经225ETF华安,2.312,1.671,546214578.0,237867900.0,2.314,2.316,日经225ETF华安,指数型-海外股票,,,,,2.312,日经225,1039970000.0,2025-01-15,日经225ETF华安,sh,24.0441064,SATELLITE,跨境,True,4,5.46214578,缺折溢价,780,2023-03-31,2026-06-23,2.274,0.27777578657065805,0.665934065934066,0.3584229390681004,0.35437760571768906,0.09749034749034746,0.2996620029875529,-0.22199312714776642,-0.16760061130922066,-0.05799502899751452,3.9733391228831945,2.17895,1.9652666666666667,1.8695166666666665,1.71652,多头,0.0436219279928407,-0.05799502899751452,491066807.5,299357845.9166667,1.640400658270036,,,,,,,,,,,,0.7142857142857143,0.7361111111111112,0.7792207792207793,0.7638888888888888,0.5897435897435898,0.19230769230769232,16,37,4,6,63,C,C,True,,观察,多头 / 回撤-22.2% / 1年+66.6%,14
512480,sh512480,半导体ETF国联安,2.652,5.573,2258291426.0,877675046.0,2.652,2.653,半导体ETF国联安,指数型-股票,,,,,2.652,半导体,23739003600.0,2025-01-15,半导体ETF国联安,sh,629.5583754720001,SATELLITE,科技,False,4,22.58291426,缺折溢价,780,2023-03-31,2026-06-23,2.512,0.412163320326719,1.497017892644135,0.7930049964311205,0.7312198483804273,0.06984667802385025,0.39643741400236654,-0.3909378292939937,-0.19897959183673464,-0.01567398119122254,7.52347453739104,2.22285,1.9083666666666665,1.7520083333333334,1.5060719999999999,多头,0.13008075218750692,-0.01567398119122254,1879000035.2,1681416964.0333333,1.117509859477515,,,,,,,,,,,,0.8441558441558441,0.875,0.8961038961038961,0.8611111111111112,0.3333333333333333,0.7948717948717948,11,39,4,8,62,C,C,True,,观察,多头 / 回撤-39.1% / 1年+149.7%,15
159995,sz159995,芯片ETF华夏,3.012,5.573,1931862529.0,661436552.0,3.011,3.012,芯片ETF华夏,指数型-股票,,,,,3.012,芯片ETF华夏,10235163006.0,,芯片ETF华夏,sz,308.28310974071996,SATELLITE,科技,False,4,19.31862529,缺折溢价,780,2023-03-31,2026-06-23,2.853,0.39586074654456316,1.4157493649449622,0.7155742633794349,0.6941805225653208,0.04620462046204632,0.39914203045223173,-0.35720761559383507,-0.21711798839458418,-0.022945205479452002,6.520645181973678,2.5418000000000003,2.1824000000000003,2.0270916666666667,1.765472,多头,0.12243292155165619,-0.022945205479452002,1495433959.0,1165752724.5333333,1.2828054591068123,,,,,,,,,,,,0.8311688311688312,0.8611111111111112,0.8701298701298701,0.8194444444444444,0.32051282051282054,0.7692307692307693,11,39,4,8,62,C,C,True,,观察,多头 / 回撤-35.7% / 1年+141.6%,16
159781,sz159781,科创创业ETF易方达,1.381,2.145,708396830.0,519236225.0,1.381,1.382,科创创业ETF易方达,指数型-股票,,,,,1.381,科创创业ETF易方达,12100860533.0,,科创创业ETF易方达,sz,167.11288396073,SATELLITE,行业主题,False,4,7.0839683,缺折溢价,780,2023-03-31,2026-06-23,1.352,0.32591667579307804,1.5318352059925093,0.5106145251396648,0.4808324205914567,0.040000000000000036,0.3444292181660131,-0.3156996587030716,-0.14742268041237117,-0.037722419928825524,10.390770278410725,1.2933,1.13965,1.0387499999999998,0.8947640000000001,多头,0.04538776772597242,-0.037722419928825524,678334311.55,431418823.45,1.5723335994601466,,,,,,,,,,,,0.7662337662337663,0.8888888888888888,0.8181818181818182,0.9166666666666666,0.46153846153846156,0.38461538461538464,12,40,3,7,62,C,C,True,,观察,多头 / 回撤-31.6% / 1年+153.2%,17
513520,sh513520,日经ETF华夏,2.468,0.858,965158221.0,392034578.0,2.468,2.469,日经ETF华夏,指数型-海外股票,,,,,2.468,日经ETF,715887200.0,2025-01-15,日经ETF华夏,sh,17.668096096,SATELLITE,跨境,True,4,9.65158221,缺折溢价,780,2023-03-31,2026-06-23,2.447,0.29299202881334563,0.6657590197413206,0.3678032420346564,0.33278867102396514,0.10774105930285205,0.2975683043085545,-0.24201474201474193,-0.1597384399813172,-0.06101304681504216,4.167807196684699,2.3415500000000002,2.1180333333333334,2.0163333333333333,1.8441039999999997,多头,0.04503427217014355,-0.06101304681504216,598799914.2,427671742.28333336,1.4001390669465694,,,,,,,,,,,,0.7272727272727273,0.7222222222222222,0.7922077922077922,0.7777777777777778,0.6153846153846154,0.3333333333333333,16,37,4,4,61,C,C,True,,观察,多头 / 回撤-24.2% / 1年+66.6%,18
159687,sz159687,亚太精选ETF南方,1.972,0.305,940427290.0,478539004.0,1.972,1.973,亚太精选ETF南方,指数型-海外股票,,,,,1.972,亚太精选ETF南方,1633928658.0,,亚太精选ETF南方,sz,32.221073135759994,SATELLITE,跨境,True,4,9.4042729,缺折溢价,780,2023-03-28,2026-06-23,1.966,0.25315851215183405,0.42463768115942035,0.2994051553205552,0.2506361323155215,0.06964091403699668,0.26891323777180154,-0.3444126074498568,-0.13041002277904334,-0.05933014354066979,3.2561736598949422,1.9416500000000003,1.7815,1.70795,1.593304,多头,0.01254088017922883,-0.05933014354066979,1388227886.2,512106999.3666667,2.710816075384344,,,,,,,,,,,,0.7012987012987013,0.6527777777777778,0.7532467532467533,0.7083333333333334,0.7307692307692307,0.7051282051282052,14,36,4,7,61,C,C,True,,观察,多头 / 回撤-34.4% / 1年+42.5%,19
159819,sz159819,人工智能ETF易方达,2.099,2.34,724917388.0,350388055.0,2.099,2.1,人工智能ETF易方达,指数型-股票,,,,,2.099,人工智能ETF易方达,11045229669.0,,人工智能ETF易方达,sz,231.83937075231003,SATELLITE,科技,False,4,7.24917388,缺折溢价,780,2023-03-31,2026-06-23,2.051,0.33244365870201276,1.2172972972972973,0.39618788291354656,0.39239646978954523,-0.00194647201946474,0.36341983588769183,-0.44573643410852715,-0.15845070422535212,-0.03618421052631582,7.682498498498498,1.9794,1.8157333333333334,1.6991333333333334,1.483516,多头,0.03617257754875225,-0.03618421052631582,790020445.15,713535252.2,1.1071918909600862,,,,,,,,,,,,0.7922077922077922,0.8333333333333334,0.8051948051948052,0.875,0.3717948717948718,0.5128205128205128,9,39,4,8,60,C,C,True,,观察,多头 / 回撤-44.6% / 1年+121.7%,20
513100,sh513100,纳指ETF国泰,2.187,0.598,1154702339.0,530993114.0,2.188,2.189,纳指ETF国泰,指数型-海外股票,,,,,2.187,纳指ETF,9499110600.0,2025-01-15,纳指ETF国泰,sh,207.74554882199996,SATELLITE,跨境,True,4,11.54702339,缺折溢价,780,2023-03-31,2026-06-23,2.174,0.32716686547275087,0.3785668991756499,0.15761448349307772,0.26616191030867786,-0.025549081129538243,0.22179664954943115,-0.24014336917562717,-0.16300000000000003,-0.0807610993657506,2.3224963139610417,2.2301499999999996,2.0228833333333336,1.9371916666666666,1.8486120000000001,多头,-0.025177678631482014,-0.0807610993657506,1117722895.15,861704554.5666667,1.297106867111872,海外,纳斯达克100,214.49,0.8,1.0,80.0,,,QDII_US,nan,2026-06-16T16:32:27,0.7792207792207793,0.6388888888888888,0.6753246753246753,0.6388888888888888,0.9230769230769231,0.6153846153846154,16,36,1,6,59,D,D,True,,淘汰,多头 / 回撤-24.0% / 1年+37.9%,21
159813,sz159813,半导体ETF鹏华,1.923,5.543,572963132.0,307278645.0,1.923,1.924,半导体ETF鹏华,指数型-股票,,,,,1.923,半导体ETF鹏华,3279862410.0,,半导体ETF鹏华,sz,63.0717541443,SATELLITE,科技,False,4,5.72963132,缺折溢价,780,2023-03-31,2026-06-23,1.822,0.3923492971793294,1.4036939313984171,0.7107981220657278,0.6870370370370369,0.04712643678160933,0.400392376239596,-0.35825105782792666,-0.21794871794871806,-0.023056300268096463,6.440478038180969,1.6254000000000002,1.3965166666666666,1.2977750000000001,1.130704,多头,0.12095484188507433,-0.023056300268096463,495264324.9,418945019.81666666,1.1821702167905737,,,,,,,,,,,,0.8051948051948052,0.8472222222222222,0.8571428571428571,0.8055555555555556,0.3076923076923077,0.20512820512820512,10,39,4,6,59,D,D,True,,淘汰,多头 / 回撤-35.8% / 1年+140.4%,22
562800,sh562800,稀有金属ETF嘉实,1.18,2.253,804946826.0,698831509.0,1.179,1.18,稀有金属ETF嘉实,指数型-股票,,,,,1.18,稀有金属,1913845000.0,2025-01-15,稀有金属ETF嘉实,sh,22.583371,SATELLITE,行业主题,False,4,8.04946826,缺折溢价,780,2023-03-31,2026-06-23,1.154,0.22225806096550915,1.1691729323308269,0.33410404624277446,0.20964360587002084,0.05580969807868241,0.4111052491642326,-0.4057750759878419,-0.2423993426458505,-0.07010475423045948,4.8233337581241225,1.0893000000000002,1.0890166666666665,1.0648583333333335,0.8913999999999999,多头,0.059395942348296815,-0.07010475423045948,483711809.75,472050273.1666667,1.024704014055757,,,,,,,,,,,,0.6493506493506493,0.8055555555555556,0.7662337662337663,0.7916666666666666,0.2692307692307692,0.1794871794871795,9,37,4,6,56,D,D,True,,淘汰,多头 / 回撤-40.6% / 1年+116.9%,23
562500,sh562500,机器人ETF华夏,1.146,0.792,728247821.0,641143546.0,1.145,1.146,机器人ETF华夏,指数型-股票,,,,,1.146,机器人,6385187300.0,2025-01-15,机器人ETF华夏,sh,73.174246458,SATELLITE,科技,False,4,7.28247821,缺折溢价,780,2023-03-31,2026-06-23,1.137,0.12761910596902815,0.3633093525179856,0.22126745435016115,0.23586956521739122,-0.06496710526315785,0.2732930531169446,-0.38268792710706145,-0.195575221238938,-0.06496710526315785,1.8576451056349494,1.1409,1.0723500000000001,1.0561583333333333,1.004248,多头,-0.00341835393110701,-0.06496710526315785,1168826036.5,960799219.4333333,1.2165143485330454,,,,,,,,,,,,0.5064935064935064,0.5972222222222222,0.7272727272727273,0.5972222222222222,0.6923076923076923,0.6410256410256411,11,32,5,7,55,D,D,True,,淘汰,多头 / 回撤-38.3% / 1年+36.3%,24
159530,sz159530,机器人ETF易方达,1.584,0.571,768785908.0,490474269.0,1.584,1.585,机器人ETF易方达,指数型-股票,,,,,1.584,机器人ETF易方达,10337613169.0,,机器人ETF易方达,sz,163.74779259696,SATELLITE,科技,False,4,7.68785908,缺折溢价,584,2024-01-18,2026-06-23,1.575,0.23318801685013746,0.2579872204472844,0.12019914651493613,0.15723732549595892,-0.09012131715771243,0.3107328211225531,-0.2897777777777777,-0.2195690157251019,-0.09012131715771243,1.1749709748222477,1.59595,1.5326166666666667,1.541125,1.4942280000000001,站上MA60,-0.013126977662207495,-0.09012131715771243,1310350638.35,870015199.6833333,1.506123845683316,,,,,,,,,,,,0.6753246753246753,0.5694444444444444,0.6233766233766234,0.5833333333333334,0.5384615384615384,0.6794871794871795,13,28,5,8,54,D,D,True,,淘汰,站上MA60 / 回撤-29.0% / 1年+25.8%,25
159206,sz159206,卫星ETF永赢,1.636,2.186,925373631.0,571914292.0,1.636,1.637,卫星ETF永赢,指数型-股票,,,,,1.636,卫星ETF永赢,10318953365.0,,卫星ETF永赢,sz,168.8180770514,SATELLITE,行业主题,False,4,9.25373631,缺折溢价,309,2025-03-14,2026-06-23,1.601,0.4726774782621894,0.6642411642411643,0.1403133903133904,0.00628535512256434,-0.13646170442286953,0.4053368976631634,-0.2889595638346206,-0.2889595638346206,-0.27260336210813274,2.2987339661867967,1.6517499999999998,1.7391000000000003,1.7713333333333334,1.43696,震荡,-0.030724988648403118,-0.27260336210813274,1208209960.95,1400307694.9333334,0.8628174831300354,,,,,,,,,,,,0.8701298701298701,0.7083333333333334,0.6363636363636364,0.625,0.2948717948717949,0.6538461538461539,11,27,5,8,51,D,D,True,,淘汰,震荡 / 回撤-28.9% / 1年+66.4%,26
513190,sh513190,港股通金融ETF华夏,1.69,-1.4,562506003.0,330569900.0,1.689,1.69,港股通金融ETF华夏,指数型-股票,,,,,1.69,H股金融,256936000.0,2025-01-15,港股通金融ETF华夏,sh,4.3422184,SATELLITE,跨境,True,4,5.62506003,缺折溢价,654,2023-10-11,2026-06-23,1.714,0.2336057559221414,0.05476923076923068,-0.0266893810335036,0.02084574151280516,-0.013808975834292303,0.1855461627066367,-0.1624758220502902,-0.12152034261241973,-0.08244111349036409,0.45070010166045327,1.7377500000000001,1.7533166666666664,1.7622083333333332,1.744532,跌破MA250,-0.013667098259243393,-0.08244111349036409,412348775.95,386101631.01666665,1.0679798861875316,,,,,,,,,,,,0.6883116883116883,0.4722222222222222,0.5454545454545454,0.5277777777777778,0.9871794871794872,0.1282051282051282,19,25,4,3,51,D,D,False,F2规模<5亿,淘汰,F2规模<5亿 / 跌破MA250 / 回撤-16.2% / 1年+5.5%,27
159259,sz159259,成长ETF易方达,1.781,2.651,709843725.0,401812834.0,1.781,1.782,成长ETF易方达,指数型-股票,,,,,1.781,成长ETF易方达,3455696403.0,,成长ETF易方达,sz,61.54595293743,SATELLITE,行业主题,False,4,7.09843725,缺折溢价,195,2025-08-28,2026-06-23,1.735,0.9398857719181672,,0.7419678714859439,0.6337099811676083,0.1802721088435375,0.35785658451741975,-0.16807511737089198,-0.16807511737089198,-0.04983570646221247,,1.5571000000000002,1.3685333333333332,1.2350916666666667,,站上MA60,0.11425085094085152,-0.04983570646221247,475289816.25,326678139.1166667,1.454917728915615,,,,,,,,,,,,0.961038961038961,,0.8831168831168831,,0.38461538461538464,0.16666666666666666,17,25,3,5,50,D,D,False,F1历史不足252日,观察,F1历史不足252日 / 站上MA60 / 回撤-16.8%,28
513090,sh513090,香港证券ETF易方达,1.81,-1.577,8392125579.0,4605119558.0,1.81,1.811,香港证券ETF易方达,指数型-股票,,,,,1.81,香港证券,5561488000.0,2025-01-15,香港证券ETF易方达,sh,100.6629328,SATELLITE,金融地产,False,4,83.92125579,缺折溢价,780,2023-03-31,2026-06-23,1.839,0.1623625562834914,0.08623744831659774,-0.10467380720545272,0.04607508532423199,0.03314606741573023,0.31063873222512595,-0.3229416466826538,-0.3229416466826538,-0.26498800959232605,0.2670372471387718,1.78075,1.7965666666666666,1.9051083333333334,2.0317760000000002,站上MA60,0.032710936403200774,-0.26498800959232605,6966223784.8,5905885779.05,1.1795391996085238,,,,,,,,,,,,0.5844155844155844,0.4861111111111111,0.4935064935064935,0.4722222222222222,0.5512820512820513,0.9871794871794872,9,25,5,9,48,D,D,True,,淘汰,站上MA60 / 回撤-32.3% / 1年+8.6%,29
512400,sh512400,有色金属ETF南方,1.98,0.202,1631831620.0,837687731.0,1.979,1.98,有色金属ETF南方,指数型-股票,,,,,1.98,有色ETF,4608539000.0,2025-01-15,有色金属ETF南方,sh,91.2490722,SATELLITE,周期资源,False,4,16.3183162,缺折溢价,780,2023-03-31,2026-06-23,1.976,0.21598928841353726,0.7882352941176471,0.1151241534988714,0.044397463002114224,-0.024197530864197514,0.4102936779903998,-0.2986512524084779,-0.2986512524084779,-0.23853564547206174,2.6393168880455407,1.9841000000000002,2.0499,2.105058333333333,1.7771560000000004,震荡,-0.00408245552139519,-0.23853564547206174,1420768633.1,1210331488.45,1.1738673633282848,,,,,,,,,,,,0.6363636363636364,0.7638888888888888,0.6103896103896104,0.6805555555555556,0.28205128205128205,0.7564102564102564,11,25,5,7,48,D,D,True,,淘汰,震荡 / 回撤-29.9% / 1年+78.8%,30
560860,sh560860,工业有色ETF万家,1.717,-1.037,933855923.0,551354599.0,1.718,1.719,工业有色ETF万家,指数型-股票,,,,,1.717,工业有色,451233000.0,2025-01-15,工业有色ETF万家,sh,7.74767061,SATELLITE,周期资源,False,4,9.33855923,缺折溢价,780,2023-03-31,2026-06-23,1.735,0.23015883176659058,1.0057803468208095,0.20152354570637132,0.10228716645489211,0.01048340128130465,0.42858451459098496,-0.3121693121693121,-0.2989405803777061,-0.20082911100875167,3.364482485281938,1.7089000000000003,1.7157833333333334,1.7636,1.4694559999999999,站上MA60,0.015272982620399,-0.20082911100875167,582592585.6,465131796.48333335,1.2525322715082876,,,,,,,,,,,,0.6623376623376623,0.7777777777777778,0.7142857142857143,0.7222222222222222,0.19230769230769232,0.2948717948717949,8,31,5,4,48,D,D,False,F2规模<8亿,淘汰,F2规模<8亿 / 站上MA60 / 回撤-31.2% / 1年+100.6%,31
512880,sh512880,证券ETF国泰,1.111,-1.768,3457818554.0,3088978861.0,1.111,1.112,证券ETF国泰,指数型-股票,,,,,1.111,证券ETF,24108291500.0,2025-01-15,证券ETF国泰,sh,267.843118565,SATELLITE,金融地产,False,4,34.57818554,缺折溢价,780,2023-03-31,2026-06-23,1.131,0.05800181106022917,0.038567493112947604,-0.062189054726368154,0.08022922636103158,0.08229665071770342,0.2361516510675522,-0.303538175046555,-0.2596153846153847,-0.17082111436950154,0.14855626976839073,1.0461,1.0557666666666667,1.1178833333333336,1.1683919999999999,站上MA60,0.08115858904502438,-0.16346153846153855,2643249505.2,2092157210.1833334,1.2634086445962514,,,,,,,,,,,,0.42857142857142855,0.4444444444444444,0.5194805194805194,0.4444444444444444,0.8717948717948718,0.8846153846153846,11,22,5,9,47,D,D,True,,淘汰,站上MA60 / 回撤-30.4% / 1年+3.9%,32
159516,sz159516,半导体设备ETF国泰,1.653,5.421,4240934674.0,2633517775.0,1.652,1.653,半导体设备ETF国泰,指数型-股票,,,,,1.653,半导体设备ETF国泰,19309179986.0,,半导体设备ETF国泰,sz,319.18074516858,SATELLITE,科技,False,4,42.40934674,缺折溢价,702,2023-07-27,2026-06-23,1.568,0.18292170257936058,0.5727181544633901,0.05234899328859055,-0.025481665630826544,0.16148148148148156,0.648211755061245,-0.5916496945010183,-0.5916496945010183,-0.2016293279022403,0.9680021130517197,1.3176999999999999,1.1388166666666666,1.4521666666666666,1.3593,站上MA60,0.18995218942096104,-0.2016293279022403,3125133598.8,2386920213.3333335,1.3092744287567752,,,,,,,,,,,,0.5974025974025974,0.6805555555555556,0.5584415584415584,0.5694444444444444,0.05128205128205128,0.9102564102564102,4,26,7,9,46,D,D,True,,淘汰,站上MA60 / 回撤-59.2% / 1年+57.3%,33
510210,sh510210,上证指数ETF富国,1.032,0.292,612515814.0,595881742.0,1.031,1.032,上证指数ETF富国,指数型-股票,,,,,1.032,综指ETF,8543192600.0,2025-01-15,上证指数ETF富国,sh,88.165747632,SATELLITE,行业主题,False,4,6.12515814,缺折溢价,780,2023-03-31,2026-06-23,1.029,0.017782983850460177,0.2163120567375887,0.06082474226804124,0.055384615384615365,-0.009624639076034613,0.1284676394964334,-0.3196721311475409,-0.0890151515151516,-0.0356138706654171,2.430058850158441,1.0233500000000002,1.0218833333333335,1.0225833333333332,0.9790599999999999,站上MA60,0.005521082718522141,-0.0356138706654171,698743947.65,582623340.1166667,1.1993064807703737,,,,,,,,,,,,0.2987012987012987,0.5416666666666666,0.5714285714285714,0.6666666666666666,1.0,0.4230769230769231,15,22,3,6,46,D,D,True,,淘汰,站上MA60 / 回撤-32.0% / 1年+21.6%,34
159870,sz159870,化工ETF鹏华,0.894,3.353,955630282.0,1085148226.0,0.893,0.894,化工ETF鹏华,指数型-股票,,,,,0.894,化工ETF鹏华,19171607019.0,,化工ETF鹏华,sz,171.39416674986,SATELLITE,周期资源,False,4,9.55630282,缺折溢价,780,2023-03-31,2026-06-23,0.865,0.07412187581021001,0.525573192239859,0.14721485411140578,0.024881516587677677,0.02125147579693043,0.27105008144423187,-0.3155680224403927,-0.19367991845056065,-0.11824668705402652,2.713617376775272,0.8354999999999999,0.8774500000000001,0.8830916666666667,0.773344,震荡,0.035308198683423164,-0.11824668705402652,833704273.9,971578821.0333333,0.8580922678134386,,,,,,,,,,,,0.44155844155844154,0.6666666666666666,0.6493506493506493,0.6944444444444444,0.717948717948718,0.5384615384615384,12,21,4,8,45,D,D,True,,淘汰,震荡 / 回撤-31.6% / 1年+52.6%,35
512070,sh512070,证券保险ETF易方达,0.783,-2.125,658516700.0,834949576.0,0.782,0.783,证券保险ETF易方达,指数型-股票,,,,,0.783,证券保险,10322479700.0,2025-01-15,证券保险ETF易方达,sh,80.825016051,SATELLITE,金融地产,False,4,6.585167,缺折溢价,780,2023-03-31,2026-06-23,0.8,0.04852028974833589,0.01781170483460559,-0.13043478260869568,0.008827238335435084,0.04712041884816753,0.22822475035124207,-0.26617179215270415,-0.2535211267605634,-0.1951710261569416,0.07025728018094428,0.7656500000000002,0.7829666666666667,0.8403083333333334,0.855136,站上MA60,0.044863841180696085,-0.1951710261569416,636392961.3,515850726.53333336,1.2336765823259481,,,,,,,,,,,,0.38961038961038963,0.4166666666666667,0.45454545454545453,0.4166666666666667,0.8974358974358975,0.358974358974359,14,20,5,6,45,D,D,True,,淘汰,站上MA60 / 回撤-26.6% / 1年+1.8%,36
159841,sz159841,证券ETF天弘,1.007,-1.852,593492970.0,585597023.0,1.007,1.008,证券ETF天弘,指数型-股票,,,,,1.007,证券ETF天弘,10234038465.0,,证券ETF天弘,sz,103.05676734254999,SATELLITE,金融地产,False,4,5.9349297,缺折溢价,780,2023-03-31,2026-06-23,1.026,0.05651589687368408,0.03951367781155013,-0.061299176578225034,0.08113804004214975,0.08342133051742362,0.23279769883331747,-0.30234933605720116,-0.26101141924959215,-0.17590361445783143,0.15138677811550144,0.9477500000000001,0.9569166666666666,1.0131833333333333,1.059212,站上MA60,0.08256396729095217,-0.16313213703099505,351349727.1,286464841.71666664,1.2265020900802515,,,,,,,,,,,,0.4155844155844156,0.4583333333333333,0.5324675324675324,0.4583333333333333,0.8846153846153846,0.07692307692307693,11,22,5,6,44,D,D,True,,淘汰,站上MA60 / 回撤-30.2% / 1年+4.0%,37
159131,sz159131,港股通信息技术ETF华宝,1.122,4.567,2999869413.0,2692988889.0,1.121,1.122,港股通信息技术ETF,指数型-股票,,,,,1.122,港股通信息技术ETF华宝,1307919902.0,,港股通信息技术ETF,sz,14.674861300440002,SATELLITE,跨境,True,4,29.99869413,缺折溢价,146,2025-11-13,2026-06-23,1.073,0.12156261012042568,,0.2220956719817766,0.34461152882205504,-0.025431425976385147,0.3928597142569647,-0.24800796812749004,-0.24800796812749004,-0.05128205128205132,,1.07505,0.9480999999999999,0.9281500000000001,,站上MA60,-0.0019068880517185693,-0.05128205128205132,2133223088.5,1036297032.6833333,2.05850544894097,,,,,,,,,,,,0.4935064935064935,,0.7402597402597403,,0.34615384615384615,0.8205128205128205,15,18,4,5,42,D,D,False,F1历史不足378日,观察,F1历史不足378日 / 站上MA60 / 回撤-24.8%,38
159755,sz159755,电池ETF广发,1.133,1.432,652418526.0,582117026.0,1.132,1.133,电池ETF广发,指数型-股票,,,,,1.133,电池ETF广发,9938646746.0,,电池ETF广发,sz,112.60486763218,SATELLITE,新能源,False,4,6.52418526,缺折溢价,780,2023-03-31,2026-06-23,1.117,0.10361446245300243,0.6402349486049925,0.1081349206349207,0.03810408921933073,-0.026155187445510042,0.31956487976054737,-0.4525462962962963,-0.18110236220472442,-0.12047244094488185,3.5352103683840888,1.1078999999999999,1.14365,1.114175,1.001176,震荡,0.008213737701958657,-0.12047244094488185,744779227.4,880795982.45,0.8455751868081195,,,,,,,,,,,,0.4675324675324675,0.6944444444444444,0.5974025974025974,0.75,0.5128205128205128,0.47435897435897434,8,22,5,7,42,D,D,True,,淘汰,震荡 / 回撤-45.3% / 1年+64.0%,39
515880,sh515880,通信ETF国泰,1.827,1.839,5110287421.0,2824649306.0,1.826,1.827,通信ETF国泰,指数型-股票,,,,,1.827,通信ETF,1940462300.0,2025-01-15,通信ETF国泰,sh,35.452246220999996,SATELLITE,科技,False,4,51.10287421,缺折溢价,780,2023-03-31,2026-06-23,1.794,0.21106379678520315,0.3726090283091048,-0.38645690834473323,0.7053231939163498,0.14852752880921893,0.806033326873548,-0.6890859064506267,-0.6890859064506267,-0.4515438703760317,0.540729428393559,1.6657,1.4330333333333332,1.7687333333333333,2.01782,站上MA60,0.0770246743111005,-0.4515438703760317,5266429948.3,3422188115.766667,1.5389072050237573,,,,,,,,,,,,0.6233766233766234,0.6111111111111112,0.012987012987012988,0.5416666666666666,0.01282051282051282,0.9615384615384616,4,22,7,8,41,D,D,True,,淘汰,站上MA60 / 回撤-68.9% / 1年+37.3%,40
513750,sh513750,港股通非银ETF广发,1.451,-1.225,1180611518.0,811182403.0,1.45,1.451,港股通非银ETF广发,指数型-股票,,,,,1.451,港股非银,707838000.0,2025-01-15,港股通非银ETF广发,sh,10.27072938,SATELLITE,跨境,True,4,11.80611518,缺折溢价,621,2023-11-27,2026-06-23,1.469,0.18343648005013358,0.02013888888888893,-0.1464264962231261,-0.0559125964010283,-0.05042016806722682,0.2680896780626719,-0.233157894736842,-0.233157894736842,-0.22684210526315784,0.08637446701780808,1.50625,1.5533666666666666,1.6477,1.6471479999999998,跌破MA250,-0.024730290456431492,-0.22684210526315784,961203209.35,964803714.7,0.9962681472975883,,,,,,,,,,,,0.6103896103896104,0.4305555555555556,0.4025974025974026,0.4305555555555556,0.7564102564102564,0.5769230769230769,14,17,5,5,41,D,D,True,,淘汰,跌破MA250 / 回撤-23.3% / 1年+2.0%,41
512760,sh512760,芯片ETF国泰,1.409,5.622,807908160.0,590822775.0,1.408,1.409,芯片ETF国泰,指数型-股票,,,,,1.409,芯片ETF,11420722800.0,2025-01-15,芯片ETF国泰,sh,160.917984252,SATELLITE,科技,False,4,8.0790816,缺折溢价,780,2023-03-31,2026-06-23,1.334,0.09465758887475606,0.19964028776978404,-0.13712807244501934,-0.1594202898550724,0.05122143420015779,0.6380161469399642,-0.6038223140495868,-0.6038223140495868,-0.31095041322314043,0.3306275424485046,1.1869,1.0547,1.4039416666666669,1.411484,站上MA60,0.12393630465919614,-0.31095041322314043,650624069.2,477831114.3833333,1.3616193035894393,单一行业,中华半导体芯片,134.65,0.5,0.55,60.0,,,SECTOR_SEMI,nan,2026-06-16T16:32:27,0.45454545454545453,0.5277777777777778,0.42857142857142855,0.5,0.0641025641025641,0.3717948717948718,5,24,5,7,41,D,D,True,,淘汰,站上MA60 / 回撤-60.4% / 1年+20.0%,42
588780,sh588780,科创芯片设计ETF国联安,1.259,3.878,571789764.0,466948200.0,1.258,1.259,科创芯片设计ETF国,指数型-股票,,,,,1.259,芯片设计,105951000.0,2025-01-15,科创芯片设计ETF国,sh,1.3339230899999999,SATELLITE,科技,False,4,5.71789764,缺折溢价,358,2024-12-26,2026-06-23,1.212,0.11905907748394062,0.17214700193423593,-0.15774843641417657,0.5303030303030303,0.0008257638315440907,0.6630362836868211,-0.595890410958904,-0.595890410958904,-0.36143308746048475,0.2888903710620511,1.1038999999999999,1.0111666666666668,1.1406083333333332,1.249012,站上MA60,0.09792553673339977,-0.36143308746048475,281338535.15,233075289.3,1.2070714831887583,,,,,,,,,,,,0.4805194805194805,0.5138888888888888,0.38961038961038963,0.4861111111111111,0.038461538461538464,0.02564102564102564,4,22,7,3,36,D,D,False,F2规模<8亿,淘汰,F2规模<8亿 / 站上MA60 / 回撤-59.6% / 1年+17.2%,43
515220,sh515220,煤炭ETF国泰,1.129,-3.09,946210686.0,833439474.0,1.129,1.13,煤炭ETF国泰,指数型-股票,,,,,1.129,煤炭ETF,2481676900.0,2025-01-15,煤炭ETF国泰,sh,28.018132201,SATELLITE,周期资源,False,4,9.46210686,缺折溢价,780,2023-03-31,2026-06-23,1.165,-0.19303739322175084,0.170854271356784,0.06392694063926951,-0.09409020217729391,-0.04351395730706076,0.3057062482662192,-0.6606038559476173,-0.1916083916083916,-0.5762095307384503,0.8916847008766464,1.2887,1.2513499999999997,1.1993416666666668,1.14556,震荡,-0.09598820516799866,-0.1853146853146852,1282133990.1,912617669.9,1.4048971791664846,,,,,,,,,,,,0.06493506493506493,0.5,0.5844155844155844,0.5555555555555556,0.5769230769230769,0.6666666666666666,8,15,5,7,35,D,D,True,,淘汰,震荡 / 回撤-66.1% / 1年+17.1%,44
159570,sz159570,港股通创新药ETF汇添富,1.237,2.741,3392731506.0,2728946756.0,1.237,1.238,港股通创新药ETF汇,指数型-股票,,,,,1.237,港股通创新药ETF汇添富,15609597142.0,,港股通创新药ETF汇,sz,193.09071664654005,SATELLITE,跨境,True,4,33.92731506,缺折溢价,582,2024-01-22,2026-06-23,1.204,0.15741929268076849,-0.22919334186939821,-0.2526381129733085,-0.18372881355932213,-0.1430604982206406,0.36585905488895376,-0.42087542087542096,-0.42087542087542096,-0.42087542087542096,-0.54456338028169,1.27005,1.4672333333333332,1.5310166666666667,1.669312,跌破MA250,-0.052005826542262046,-0.42087542087542096,2575940598.1,2533640037.85,1.0166955682804475,,,,,,,,,,,,0.5714285714285714,0.2638888888888889,0.19480519480519481,0.25,0.358974358974359,0.8717948717948718,7,13,5,9,34,D,D,True,,淘汰,跌破MA250 / 回撤-42.1% / 1年-22.9%,45
159992,sz159992,创新药ETF银华,0.773,2.793,1120138037.0,1448692532.0,0.772,0.773,创新药ETF银华,指数型-股票,,,,,0.773,创新药ETF银华,19607381217.0,,创新药ETF银华,sz,151.56505680741,SATELLITE,医药,False,4,11.20138037,缺折溢价,780,2023-03-31,2026-06-23,0.752,-0.05283671165576309,-0.07616707616707608,-0.10688836104513055,-0.030927835051546393,-0.024643320363164745,0.25036617749271917,-0.349780701754386,-0.2993062438057482,-0.2547076313181367,-0.25447874123370784,0.7361500000000001,0.7969166666666667,0.816725,0.85756,跌破MA250,0.02153093798818162,-0.2547076313181367,609231885.75,691383779.1833333,0.8811775805177674,,,,,,,,,,,,0.15584415584415584,0.3888888888888889,0.4805194805194805,0.3888888888888889,0.782051282051282,0.34615384615384615,11,11,5,7,34,D,D,True,,淘汰,跌破MA250 / 回撤-35.0% / 1年-7.6%,46
513120,sh513120,港股创新药ETF广发,1.024,3.749,7565349731.0,7377466618.0,1.024,1.025,港股创新药ETF广发,指数型-海外股票,,,,,1.024,HK创新药,10967135400.0,2025-01-15,港股创新药ETF广发,sh,112.303466496,SATELLITE,跨境,True,4,75.65349731,缺折溢价,780,2023-03-31,2026-06-23,0.987,0.029333698832610722,-0.15496575342465746,-0.2078651685393258,-0.14619377162629754,-0.11953612845673511,0.3442529145758587,-0.38510101010101017,-0.38510101010101017,-0.37689393939393945,-0.40240287446665146,1.0293499999999998,1.1632333333333331,1.2093083333333332,1.2915159999999999,跌破MA250,-0.041142468548112654,-0.37689393939393945,4372915223.4,4644730310.75,0.941478822414964,,,,,,,,,,,,0.3116883116883117,0.3194444444444444,0.3246753246753247,0.3194444444444444,0.47435897435897434,0.9487179487179487,8,11,5,9,33,D,D,True,,淘汰,跌破MA250 / 回撤-38.5% / 1年-15.5%,47
512010,sh512010,医药ETF易方达,0.341,2.402,984793914.0,2880599709.0,0.34,0.341,医药ETF易方达,指数型-股票,,,,,0.341,医药ETF,64352694900.0,2025-01-15,医药ETF易方达,sh,219.442689609,SATELLITE,医药,False,4,9.84793914,缺折溢价,780,2023-03-31,2026-06-23,0.333,-0.09816007014009842,-0.11904761904761896,-0.13054830287206265,-0.0672268907563024,-0.020588235294117685,0.2059155626044683,-0.3369330453563716,-0.29824561403508776,-0.3204081632653061,-0.39915966386554586,0.33055,0.35341666666666666,0.36765000000000003,0.387376,跌破MA250,0.007411889275450001,-0.26973684210526316,531876699.1,496055787.46666664,1.0722114579415938,,,,,,,,,,,,0.14285714285714285,0.3611111111111111,0.44155844155844154,0.3333333333333333,0.9615384615384616,0.23076923076923078,12,9,5,7,33,D,D,True,,淘汰,跌破MA250 / 回撤-33.7% / 1年-11.9%,48
515120,sh515120,创新药ETF广发,0.578,2.664,777167850.0,1342055702.0,0.577,0.578,创新药ETF广发,指数型-股票,,,,,0.578,创新药,6805993600.0,2025-01-15,创新药ETF广发,sh,39.338643008,SATELLITE,医药,False,4,7.7716785,缺折溢价,780,2023-03-31,2026-06-23,0.563,-0.05016607942232043,-0.07553366174055831,-0.1077654516640254,-0.02931034482758621,-0.024263431542461023,0.2503271861785709,-0.34615384615384615,-0.3007915567282322,-0.25725593667546187,-0.2511162964883473,0.5513,0.59715,0.612175,0.642872,跌破MA250,0.02122256484672569,-0.25725593667546187,349342760.85,394925274.21666664,0.8845793968059416,,,,,,,,,,,,0.18181818181818182,0.4027777777777778,0.4675324675324675,0.4027777777777778,0.7948717948717948,0.0641025641025641,11,11,5,5,32,D,D,True,,淘汰,跌破MA250 / 回撤-34.6% / 1年-7.6%,49
513130,sh513130,恒生科技ETF华泰柏瑞,0.561,2.0,4148380388.0,7429036275.0,0.561,0.562,恒生科技ETF华泰柏,指数型-海外股票,,,,,0.561,恒生科技,32969347000.0,2025-01-15,恒生科技ETF华泰柏,sh,184.95803667,SATELLITE,跨境,True,4,41.48380388,缺折溢价,780,2023-03-31,2026-06-23,0.55,0.032969221212062916,-0.24450549450549441,-0.22096317280453248,-0.09688013136288987,-0.0924092409240923,0.24854668055995768,-0.36046511627906974,-0.36046511627906974,-0.36046511627906974,-0.6783055654023394,0.598,0.6102500000000002,0.6529,0.705896,跌破MA250,-0.08026755852842793,-0.36046511627906974,3957196235.5,4197802444.0333333,0.9426828175596196,,,,,,,,,,,,0.33766233766233766,0.16666666666666666,0.2597402597402597,0.1388888888888889,0.8333333333333334,0.9358974358974359,9,8,5,9,31,D,D,True,,淘汰,跌破MA250 / 回撤-36.0% / 1年-24.5%,50
513180,sh513180,恒生科技ETF华夏,0.57,1.968,4049589338.0,7140068391.0,0.57,0.571,恒生科技ETF华夏,指数型-海外股票,,,,,0.57,恒指科技,36296759500.0,2025-01-15,恒生科技ETF华夏,sh,206.89152915,SATELLITE,跨境,True,4,40.49589338,缺折溢价,780,2023-03-31,2026-06-23,0.559,0.03650013639728611,-0.24254742547425467,-0.22361111111111098,-0.09983896940418668,-0.09400324149108585,0.24999843365444513,-0.3618721461187214,-0.3618721461187214,-0.3618721461187214,-0.6702572388499909,0.60805,0.6211500000000001,0.6656166666666667,0.71902,跌破MA250,-0.08066770824767688,-0.3618721461187214,3528358933.85,3920741846.5,0.8999212577588408,,,,,,,,,,,,0.35064935064935066,0.18055555555555555,0.24675324675324675,0.16666666666666666,0.8076923076923077,0.9230769230769231,9,8,5,9,31,D,D,True,,淘汰,跌破MA250 / 回撤-36.2% / 1年-24.3%,51
515050,sh515050,通信ETF华夏,1.387,3.353,1720102234.0,1261349739.0,1.388,1.389,通信ETF华夏,指数型-股票,,,,,1.387,5GETF,6117068500.0,2025-01-15,通信ETF华夏,sh,84.843740095,SATELLITE,科技,False,4,17.20102234,缺折溢价,780,2023-03-31,2026-06-23,1.342,0.1449987142952993,0.2518656716417911,-0.3795654184003697,-0.42698548249359525,0.11369294605809133,0.7857032640062163,-0.6717717717717717,-0.6717717717717717,-0.596996996996997,0.3749274414694521,1.2522499999999996,2.016983333333333,2.1842166666666665,1.9559880000000003,跌破MA250,0.07167099221401507,-0.596996996996997,1542715742.05,952332137.9166666,1.6199345592020697,,,,,,,,,,,,0.5324675324675324,0.5555555555555556,0.025974025974025976,0.5138888888888888,0.02564102564102564,0.782051282051282,4,13,7,7,31,D,D,True,,淘汰,跌破MA250 / 回撤-67.2% / 1年+25.2%,52
512000,sh512000,券商ETF华宝,0.531,-1.667,1687596003.0,3149300952.0,0.531,0.532,券商ETF华宝,指数型-股票,,,,,0.531,券商ETF,20847917700.0,2025-01-15,券商ETF华宝,sh,110.70244298700001,SATELLITE,行业主题,False,4,16.87596003,缺折溢价,780,2023-03-31,2026-06-23,0.54,-0.16120167364313243,-0.4812680115273774,-0.06249999999999989,0.08000000000000007,0.0821643286573146,0.5492612895486402,-0.6380880121396055,-0.5984848484848485,-0.590288315629742,-0.8041440192609344,0.4996499999999999,0.5045333333333333,0.5341666666666666,0.6397280000000001,站上MA60,0.08075652957069979,-0.5454545454545454,1414962902.7,1145362713.75,1.2353841151920422,,,,,,,,,,,,0.11688311688311688,0.05555555555555555,0.5064935064935064,0.06944444444444445,0.1282051282051282,0.7307692307692307,5,12,5,8,30,D,D,True,,淘汰,站上MA60 / 回撤-63.8% / 1年-48.1%,53
159740,sz159740,恒生科技ETF大成,0.563,2.178,1579891031.0,2823534608.0,0.562,0.563,恒生科技ETF大成,指数型-海外股票,,,,,0.563,恒生科技ETF大成,29302120448.0,,恒生科技ETF大成,sz,164.97093812224,SATELLITE,跨境,True,4,15.79891031,缺折溢价,780,2023-03-31,2026-06-23,0.551,0.03153181500169788,-0.2420907840440164,-0.2206506364922205,-0.09967320261437895,-0.09672131147540974,0.24563418516937363,-0.35780885780885774,-0.35780885780885774,-0.35780885780885774,-0.6765924843966323,0.6,0.61275,0.6548083333333333,0.7063039999999999,跌破MA250,-0.08166666666666655,-0.35780885780885774,1412961292.3,1566175186.0333333,0.9021732082721987,,,,,,,,,,,,0.3246753246753247,0.19444444444444445,0.2727272727272727,0.1527777777777778,0.8589743589743589,0.717948717948718,9,8,5,8,30,D,D,True,,淘汰,跌破MA250 / 回撤-35.8% / 1年-24.2%,54
513010,sh513010,恒生科技ETF易方达,0.588,2.261,1312206883.0,2245083459.0,0.587,0.588,恒生科技ETF易方达,指数型-海外股票,,,,,0.588,港股科技,11887307000.0,2025-01-15,恒生科技ETF易方达,sh,69.89736516,SATELLITE,跨境,True,4,13.12206883,缺折溢价,780,2023-03-31,2026-06-23,0.575,0.04079665918671771,-0.23638778220451528,-0.21875,-0.09874608150470232,-0.09591194968553463,0.24916325232228684,-0.35897435897435903,-0.35897435897435903,-0.35897435897435903,-0.6585088218554354,0.62645,0.6393166666666666,0.68315,0.7365999999999999,跌破MA250,-0.08212945965360363,-0.35897435897435903,1315991182.45,1257418222.4666667,1.0465819239269742,,,,,,,,,,,,0.36363636363636365,0.2222222222222222,0.2987012987012987,0.19444444444444445,0.8205128205128205,0.6923076923076923,9,9,5,7,30,D,D,True,,淘汰,跌破MA250 / 回撤-35.9% / 1年-23.6%,55
520700,sh520700,港股通创新药ETF万家,1.27,3.928,617657026.0,483951000.0,1.27,1.271,港股通创新药ETF万,指数型-股票,,,,,1.27,创新药WJ,101076000.0,2025-01-15,港股通创新药ETF万,sh,1.2836652,SATELLITE,跨境,True,4,6.17657026,缺折溢价,411,2024-10-14,2026-06-23,1.222,0.15724704791054744,-0.15020862308762173,-0.20752269779507138,-0.14783821478382142,-0.12464183381088823,0.34355255858422545,-0.3801229508196722,-0.3801229508196722,-0.3739754098360656,-0.39515799496905335,1.27685,1.4397999999999997,1.4966833333333334,1.597696,跌破MA250,-0.042957277675529704,-0.3739754098360656,209193866.5,206368245.66666666,1.013692129931159,,,,,,,,,,,,0.5584415584415584,0.3333333333333333,0.33766233766233766,0.3472222222222222,0.48717948717948717,0.01282051282051282,8,14,5,3,30,D,D,False,F2规模<5亿,淘汰,F2规模<5亿 / 跌破MA250 / 回撤-38.0% / 1年-15.0%,56
512170,sh512170,医疗ETF华宝,0.302,1.342,714455655.0,2361449211.0,0.301,0.302,医疗ETF华宝,指数型-股票,,,,,0.302,医疗ETF,77812820500.0,2025-01-15,医疗ETF华宝,sh,234.99471791,SATELLITE,医药,False,4,7.14455655,缺折溢价,780,2023-03-31,2026-06-23,0.298,-0.1315697240121816,-0.10778443113772462,-0.1387283236994219,-0.0658307210031348,-0.07453416149068326,0.20289132649965855,-0.42025862068965514,-0.27611940298507476,-0.41796875,-0.39035442628257006,0.30174999999999996,0.32216666666666666,0.33765833333333334,0.350192,跌破MA250,-0.012427506213752992,-0.2587064676616916,551733771.2,572707033.35,0.9633787243238158,单一行业,中证医疗,231.1,0.5,0.5,15.0,,,SECTOR_HEALTH,nan,2026-06-16T16:32:27,0.12987012987012986,0.375,0.4155844155844156,0.3611111111111111,0.9743589743589743,0.2564102564102564,9,8,5,7,29,D,D,True,,淘汰,跌破MA250 / 回撤-42.0% / 1年-10.8%,57
513980,sh513980,港股科技ETF景顺,0.581,2.832,612023430.0,1061881791.0,0.58,0.581,港股科技ETF景顺,指数型-股票,,,,,0.581,科技港股,10614204000.0,2025-01-15,港股科技ETF景顺,sh,61.66852524,SATELLITE,跨境,True,4,6.1202343,缺折溢价,780,2023-03-31,2026-06-23,0.565,0.0493326743558542,-0.23024523160762944,-0.20310296191819466,-0.10883280757097802,-0.10459587955626004,0.26303762028005373,-0.37611408199643503,-0.3615819209039549,-0.3615819209039549,-0.63677196866485,0.6138999999999999,0.6353666666666666,0.6690416666666666,0.7244839999999999,跌破MA250,-0.07965466688385725,-0.3615819209039549,726584534.6,634461069.75,1.1451995547753622,,,,,,,,,,,,0.4025974025974026,0.2361111111111111,0.37662337662337664,0.20833333333333334,0.7692307692307693,0.44871794871794873,9,9,5,6,29,D,D,True,,淘汰,跌破MA250 / 回撤-37.6% / 1年-23.0%,58
513050,sh513050,中概互联网ETF易方达,1.002,1.212,2966822878.0,2971518697.0,1.001,1.002,中概互联网ETF易方,指数型-海外股票,,,,,1.002,中概互联,30844432700.0,2025-01-15,中概互联网ETF易方,sh,309.061215654,SATELLITE,跨境,True,4,29.66822878,缺折溢价,780,2023-03-31,2026-06-23,0.99,-0.0030120664381957374,-0.30330752990851517,-0.32698844323589404,-0.17978458989229495,-0.13234005258545134,0.26880678599886176,-0.4358974358974359,-0.4358974358974359,-0.4358974358974359,-0.6958231568489466,1.0951499999999998,1.1671333333333331,1.2902916666666668,1.4119920000000001,跌破MA250,-0.09601424462402397,-0.4358974358974359,2092772126.65,2160655251.733333,0.9685821581074189,,,,,,,,,,,,0.2597402597402597,0.09722222222222222,0.07792207792207792,0.125,0.7435897435897436,0.8076923076923077,9,6,5,8,28,D,D,True,,淘汰,跌破MA250 / 回撤-43.6% / 1年-30.3%,59
513330,sh513330,恒生互联网ETF华夏,0.353,0.57,2187279023.0,6204526731.0,0.352,0.353,恒生互联网ETF华夏,指数型-海外股票,,,,,0.353,恒生互联,65003480000.0,2025-01-15,恒生互联网ETF华夏,sh,229.4622844,SATELLITE,跨境,True,4,21.87279023,缺折溢价,780,2023-03-31,2026-06-23,0.351,-0.046580498005590054,-0.3021868787276343,-0.3144531250000001,-0.17798594847775184,-0.13759213759213762,0.2715778245413897,-0.43295638126009695,-0.43295638126009695,-0.43295638126009695,-0.697961484822409,0.39055000000000006,0.41436666666666666,0.45829166666666665,0.498916,跌破MA250,-0.10126744334912319,-0.43295638126009695,2190070228.8,2243931441.5833335,0.9759969436743003,,,,,,,,,,,,0.2077922077922078,0.1111111111111111,0.09090909090909091,0.1111111111111111,0.7051282051282052,0.8333333333333334,9,6,5,8,28,D,D,True,,淘汰,跌破MA250 / 回撤-43.3% / 1年-30.2%,60
513060,sh513060,恒生医疗ETF博时,0.473,2.603,1016192005.0,2143305001.0,0.472,0.473,恒生医疗ETF博时,指数型-海外股票,,,,,0.473,恒生医疗,37410393300.0,2025-01-15,恒生医疗ETF博时,sh,176.951160309,SATELLITE,跨境,True,4,10.16192005,缺折溢价,780,2023-03-31,2026-06-23,0.461,-0.05252619244366419,-0.19686411149825778,-0.24052718286655683,-0.16636528028933095,-0.1252371916508539,0.2961704515791243,-0.38970588235294124,-0.3869680851063829,-0.3869680851063829,-0.5087347486140545,0.4835000000000001,0.5454666666666665,0.5791666666666667,0.621552,跌破MA250,-0.046535677352637195,-0.3869680851063829,588126797.6,585736495.0,1.0040808497001712,,,,,,,,,,,,0.16883116883116883,0.2916666666666667,0.22077922077922077,0.2777777777777778,0.6282051282051282,0.3076923076923077,8,8,5,7,28,D,D,True,,淘汰,跌破MA250 / 回撤-39.0% / 1年-19.7%,61
513780,sh513780,港股创新药ETF景顺,1.32,3.937,652321536.0,493083255.0,1.319,1.32,港股创新药ETF景顺,指数型-股票,,,,,1.32,港股新药,117157000.0,2025-01-15,港股创新药ETF景顺,sh,1.5464724,SATELLITE,跨境,True,4,6.52321536,缺折溢价,402,2024-10-25,2026-06-23,1.27,0.14801317950172677,-0.1470785762256549,-0.20625000000000004,-0.1459314055144587,-0.1229281767955801,0.34555227141422346,-0.3787803668815072,-0.3787803668815072,-0.37035200793257306,-0.388295141684746,1.3242499999999997,1.4939166666666668,1.553025,1.656976,跌破MA250,-0.040966584859354116,-0.37035200793257306,315183580.9,310259871.05,1.015869631587665,,,,,,,,,,,,0.5454545454545454,0.3472222222222222,0.36363636363636365,0.375,0.4358974358974359,0.05128205128205128,7,13,5,3,28,D,D,False,F2规模<5亿,淘汰,F2规模<5亿 / 跌破MA250 / 回撤-37.9% / 1年-14.7%,62
159892,sz159892,恒生医药ETF华夏,0.638,3.909,1093788978.0,1717198810.0,0.637,0.638,恒生医药ETF华夏,指数型-海外股票,,,,,0.638,恒生医药ETF华夏,7154266022.0,,恒生医药ETF华夏,sz,45.644217220360005,SATELLITE,跨境,True,4,10.93788978,缺折溢价,780,2023-03-31,2026-06-23,0.614,-0.009062332084192493,-0.1725067385444744,-0.2247474747474748,-0.16120218579234968,-0.12285714285714278,0.31592867125161844,-0.3805031446540881,-0.37627811860940696,-0.3721881390593047,-0.4584554084143912,0.6428,0.7258333333333333,0.7639666666666667,0.814108,跌破MA250,-0.044803982576229084,-0.3721881390593047,714128535.35,732737810.3833333,0.9746030916248231,,,,,,,,,,,,0.24675324675324675,0.3055555555555556,0.23376623376623376,0.3055555555555556,0.5256410256410257,0.4358974358974359,8,8,5,6,27,D,D,True,,淘汰,跌破MA250 / 回撤-38.1% / 1年-17.3%,63
159316,sz159316,港股通创新药ETF易方达,0.989,2.593,1053089345.0,1059012611.0,0.989,0.99,港股通创新药ETF易,指数型-股票,,,,,0.989,港股通创新药ETF易方达,4099336139.0,,港股通创新药ETF易,sz,40.54243441471,SATELLITE,跨境,True,4,10.53089345,缺折溢价,301,2025-03-26,2026-06-23,0.964,0.0008693027701038858,-0.2532920216886134,-0.26468344774980934,-0.18786857624262854,-0.14234875444839867,0.3361708391613078,-0.429585798816568,-0.429585798816568,-0.429585798816568,-0.5896191689445685,1.0169000000000001,1.1812166666666666,1.2367500000000002,1.354124,跌破MA250,-0.05202084767430437,-0.429585798816568,778954284.1,714591167.4833333,1.0900698462917509,,,,,,,,,,,,0.2727272727272727,0.1527777777777778,0.15584415584415584,0.2361111111111111,0.5,0.5,8,7,5,7,27,D,D,False,F1历史不足378日,观察,F1历史不足378日 / 跌破MA250 / 回撤-43.0% / 1年-25.3%,64
159506,sz159506,港股通创新药医疗ETF富国,1.064,2.802,661193294.0,618150376.0,1.063,1.064,港股通医疗ETF富国,指数型-股票,,,,,1.064,港股通创新药医疗ETF富国,2099536979.0,,港股通医疗ETF富国,sz,22.33907345656,SATELLITE,跨境,True,4,6.61193294,缺折溢价,720,2023-07-03,2026-06-23,1.035,0.013178153984695351,-0.20077220077220082,-0.24120234604105584,-0.17922283901665348,-0.14321192052980136,0.34542063290791675,-0.3987194412107101,-0.3987194412107101,-0.39755529685681024,-0.503542541498746,1.0917000000000001,1.2547,1.3166416666666667,1.408652,跌破MA250,-0.051937345424567405,-0.39755529685681024,371402600.1,380016674.78333336,0.9773323770904404,,,,,,,,,,,,0.2857142857142857,0.2777777777777778,0.2077922077922078,0.2916666666666667,0.44871794871794873,0.08974358974358974,8,9,5,5,27,D,D,True,,淘汰,跌破MA250 / 回撤-39.9% / 1年-20.1%,65
520500,sh520500,恒生创新药ETF华泰柏瑞,1.215,3.229,2007742762.0,1645662962.0,1.214,1.215,恒生创新药ETF华泰,指数型-海外股票,,,,,1.215,恒生新药,68305000.0,2025-01-15,恒生创新药ETF华泰,sh,0.82990575,SATELLITE,跨境,True,4,20.07742762,缺折溢价,357,2024-12-27,2026-06-23,1.177,0.13151635698865705,-0.26529338327091134,-0.2693978895096213,-0.20149253731343275,-0.15384615384615385,0.35718562999508036,-0.4450730787364451,-0.4450730787364451,-0.4450730787364451,-0.5960670189805116,1.2473999999999998,1.4578666666666669,1.5199,1.6779080000000002,跌破MA250,-0.05643738977072299,-0.4450730787364451,1109018410.1,1076116350.05,1.0305748166064674,,,,,,,,,,,,0.5194805194805194,0.1388888888888889,0.12987012987012986,0.2222222222222222,0.3974358974358974,0.6025641025641025,7,9,5,5,26,D,D,False,F1历史不足378日;F2规模<5亿,观察,F1历史不足378日;F2规模<5亿 / 跌破MA250 / 回撤-44.5% / 1年-26.5%,66
159217,sz159217,港股通创新药ETF工银,1.002,2.664,946259516.0,939491720.0,1.001,1.002,港股通创新药ETF工,指数型-股票,,,,,1.002,港股通创新药ETF工银,5068157596.0,,港股通创新药ETF工,sz,50.78293911192,SATELLITE,跨境,True,4,9.46259516,缺折溢价,295,2025-04-03,2026-06-23,0.976,-0.043372910123459674,-0.22967640094711916,-0.2549618320610687,-0.18666666666666665,-0.14610673665791785,0.3541673229891506,-0.424188790560472,-0.424188790560472,-0.424188790560472,-0.541448539089523,1.0324499999999999,1.1911166666666666,1.2429916666666665,1.356712,跌破MA250,-0.05467577122378797,-0.424188790560472,755607768.5,685656162.9833333,1.1020214056157576,,,,,,,,,,,,0.23376623376623376,0.25,0.16883116883116883,0.2638888888888889,0.41025641025641024,0.48717948717948717,7,8,5,6,26,D,D,False,F1历史不足378日,观察,F1历史不足378日 / 跌破MA250 / 回撤-42.4% / 1年-23.0%,67
526000,sh526000,港股通信息技术ETF华夏,1.378,4.95,541465993.0,397027400.0,1.377,1.378,港股通信息技术ETF,指数型-股票,,,,,1.378,,,,港股通信息技术ETF,sh,,SATELLITE,跨境,True,4,5.41465993,"缺折溢价,缺规模",49,2026-04-10,2026-06-23,1.313,,,,,0.012336160370084892,0.4371536920138047,-0.09110787172011658,-0.09110787172011658,-0.05335255948089401,,1.3205,,,,震荡,-0.005679666792881566,-0.05335255948089401,286580686.3,,,,,,,,,,,,,,,,,,0.15384615384615385,0.038461538461538464,16,2,4,4,26,D,D,False,F1历史不足378日,观察,F1历史不足378日 / 震荡 / 回撤-9.1%,68
513260,sh513260,恒生科技ETF汇添富,1.095,2.146,531900711.0,487650500.0,1.094,1.096,恒生科技ETF汇添富,指数型-海外股票,,,,,1.095,恒科技,1308243000.0,2025-01-15,恒生科技ETF汇添富,sh,14.32526085,SATELLITE,跨境,True,4,5.31900711,缺折溢价,780,2023-03-31,2026-06-23,1.072,0.04182669833846764,-0.23809523809523803,-0.2197962154294032,-0.1021775544388609,-0.09612141652613815,0.2474094528267415,-0.3592349073520621,-0.3592349073520621,-0.3592349073520621,-0.6627842484747642,1.1679,1.19215,1.2750416666666666,1.375236,跌破MA250,-0.08211319462282718,-0.3592349073520621,416484729.5,364008942.6333333,1.1441607079404243,,,,,,,,,,,,0.37662337662337664,0.20833333333333334,0.2857142857142857,0.18055555555555555,0.8461538461538461,0.14102564102564102,9,9,5,3,26,D,D,True,,淘汰,跌破MA250 / 回撤-35.9% / 1年-23.8%,69
159262,sz159262,港股通科技ETF广发,0.854,2.768,620335499.0,733617206.0,0.852,0.854,港股通科技ETF广发,指数型-股票,,,,,0.854,港股通科技ETF广发,8827720485.0,,港股通科技ETF广发,sz,75.3887329419,SATELLITE,跨境,True,4,6.20335499,缺折溢价,233,2025-07-07,2026-06-23,0.831,-0.16521110033425868,,-0.20706106870229013,-0.05889014722536812,-0.08278145695364247,0.2930299547762065,-0.36027713625866054,-0.36027713625866054,-0.36027713625866054,,0.9025000000000001,0.9021833333333334,0.9694999999999999,,震荡,-0.07922437673130212,-0.36027713625866054,684327407.6,607892696.9333333,1.1257371754131293,,,,,,,,,,,,0.1038961038961039,,0.35064935064935066,,0.6410256410256411,0.3974358974358974,8,6,5,6,25,D,D,False,F1历史不足378日,观察,F1历史不足378日 / 震荡 / 回撤-36.0%,70
159792,sz159792,港股通互联网ETF富国,0.538,0.373,2692117588.0,5006383036.0,0.537,0.538,港股通互联网ETF富,指数型-股票,,,,,0.538,港股通互联网ETF富国,66782855237.0,,港股通互联网ETF富,sz,359.29176117506006,SATELLITE,跨境,True,4,26.92117588,缺折溢价,780,2023-03-31,2026-06-23,0.536,-0.044795064056301626,-0.39503386004514673,-0.3701527614571092,-0.23098995695839297,-0.15323854660347547,0.29175384528866066,-0.49906542056074765,-0.49906542056074765,-0.49906542056074765,-0.7915472476560056,0.6022999999999998,0.6586500000000001,0.7452333333333333,0.8456600000000001,跌破MA250,-0.1100780342022245,-0.49906542056074765,2549161068.7,2070891148.25,1.2309488457923827,,,,,,,,,,,,0.22077922077922077,0.06944444444444445,0.05194805194805195,0.08333333333333333,0.6538461538461539,0.8589743589743589,8,2,5,9,24,D,D,True,,淘汰,跌破MA250 / 回撤-49.9% / 1年-39.5%,71
520980,sh520980,港股通科技ETF汇添富,0.866,3.341,690176724.0,804935814.0,0.866,0.867,港股通科技ETF汇添,指数型-股票,,,,,0.866,,,,港股通科技ETF汇添,sh,,SATELLITE,跨境,True,4,6.90176724,"缺折溢价,缺规模",236,2025-07-02,2026-06-23,0.838,-0.17550320720817536,,-0.21608980355472407,-0.060538116591928315,-0.09600862998921256,0.2988346357797788,-0.37134283570892723,-0.37134283570892723,-0.37134283570892723,,0.9136500000000002,0.9111666666666668,0.9856333333333333,,震荡,-0.08279975920757421,-0.37134283570892723,537346203.4,470669340.56666666,1.1416639179281511,,,,,,,,,,,,0.07792207792207792,,0.3116883116883117,,0.6025641025641025,0.24358974358974358,8,6,5,5,24,D,D,False,F1历史不足378日,观察,F1历史不足378日 / 震荡 / 回撤-37.1%,72
512690,sh512690,酒ETF鹏华,0.39,-2.256,748091755.0,1897967400.0,0.389,0.39,酒ETF鹏华,指数型-股票,,,,,0.39,酒ETF,19033150200.0,2025-01-15,酒ETF鹏华,sh,74.22928578,SATELLITE,消费,False,4,7.48091755,缺折溢价,780,2023-03-31,2026-06-23,0.399,-0.21314206042244777,-0.29999999999999993,-0.27717391304347827,-0.1857142857142856,-0.109375,0.21237714501404883,-0.5316901408450704,-0.36867088607594933,-0.5686486486486486,-0.8137339055793991,0.4301499999999999,0.4632833333333333,0.49775,0.5418440000000001,跌破MA250,-0.07241659886086227,-0.36867088607594933,806788245.55,707685369.4833333,1.1400380456346293,,,,,,,,,,,,0.03896103896103896,0.125,0.1038961038961039,0.05555555555555555,0.9487179487179487,0.5256410256410257,9,2,5,7,23,D,D,True,,淘汰,跌破MA250 / 回撤-53.2% / 1年-30.0%,73
513040,sh513040,港股通互联网ETF易方达,0.879,0.687,553741274.0,633202278.0,0.878,0.879,港股通互联网ETF易,指数型-股票,,,,,0.879,HK互联网,167841300.0,2025-01-15,港股通互联网ETF易,sh,1.4753250269999998,SATELLITE,跨境,True,4,5.53741274,缺折溢价,733,2023-06-12,2026-06-23,0.873,-0.048879647368461177,-0.39036312849162014,-0.37103746397694515,-0.23755458515283845,-0.1548886737657308,0.28602236873249937,-0.49971346704871067,-0.49971346704871067,-0.49971346704871067,-0.7811739211214186,0.9840499999999999,1.0771833333333334,1.2183833333333334,1.379028,跌破MA250,-0.11284995681113752,-0.49971346704871067,574485361.2,526411635.76666665,1.0913234475968958,,,,,,,,,,,,0.19480519480519481,0.08333333333333333,0.03896103896103896,0.09722222222222222,0.6666666666666666,0.28205128205128205,8,4,5,4,21,D,D,False,F2规模<5亿,淘汰,F2规模<5亿 / 跌破MA250 / 回撤-50.0% / 1年-39.0%,74
159567,sz159567,港股创新药ETF银华,0.598,2.749,1532128009.0,2553229686.0,0.597,0.598,港股创新药ETF银华,指数型-股票,,,,,0.598,港股创新药ETF银华,10574729726.0,,港股创新药ETF银华,sz,63.236883761479994,SATELLITE,跨境,True,4,15.32128009,缺折溢价,589,2024-01-11,2026-06-23,0.582,-0.20807874871005105,-0.6245161290322581,-0.25288831835686787,-0.18487394957983194,-0.14411764705882368,0.6059387047027713,-0.7044184865413916,-0.7044184865413916,-0.7044184865413916,-0.8865697606809777,0.6153000000000001,0.7102333333333333,0.7405166666666667,0.953976,跌破MA250,-0.054119941491955315,-0.7044184865413916,1060147623.65,1129121899.1166666,0.9389133489301497,,,,,,,,,,,,0.05194805194805195,0.041666666666666664,0.18181818181818182,0.041666666666666664,0.07692307692307693,0.5897435897435898,6,2,5,7,20,D,D,True,,淘汰,跌破MA250 / 回撤-70.4% / 1年-62.5%,75
159636,sz159636,港股通科技30ETF工银,0.484,2.76,1139438377.0,2371758253.0,0.483,0.484,港股通科技30ETF,指数型-股票,,,,,0.484,港股通科技30ETF工银,44368501206.0,,港股通科技30ETF,sz,214.74354583704,SATELLITE,跨境,True,4,11.39438377,缺折溢价,780,2023-03-31,2026-06-23,0.471,-0.17008955253333957,-0.6453313253012049,-0.2764976958525346,-0.16192170818505347,-0.13736263736263743,0.5714426786149777,-0.707635009310987,-0.707635009310987,-0.707635009310987,-0.9119550570703868,0.5191000000000001,0.5502333333333332,0.5958,0.9909799999999999,跌破MA250,-0.09266037372375291,-0.707635009310987,728567724.15,625675505.6833333,1.1644498106958696,,,,,,,,,,,,0.09090909090909091,0.027777777777777776,0.11688311688311688,0.027777777777777776,0.10256410256410256,0.46153846153846156,6,2,5,7,20,D,D,True,,淘汰,跌破MA250 / 回撤-70.8% / 1年-64.5%,76
520880,sh520880,港股通创新药ETF华宝,0.39,2.362,668967601.0,1709195000.0,0.389,0.39,港股通创新药ETF华,指数型-股票,,,,,0.39,,,,港股通创新药ETF华,sh,,SATELLITE,跨境,True,4,6.68967601,"缺折溢价,缺规模",233,2025-07-07,2026-06-23,0.381,-0.6470673519751182,,-0.2658959537572254,-0.19108280254777066,-0.14382022471910116,0.5982987143891246,-0.7091603053435114,-0.7091603053435114,-0.7091603053435114,,0.40164999999999995,0.4675000000000001,0.4896666666666667,,震荡,-0.051412921697995606,-0.7091603053435114,380550984.95,403379323.03333336,0.9434072676019466,,,,,,,,,,,,0.012987012987012988,,0.14285714285714285,,0.08974358974358974,0.10256410256410256,6,4,5,4,19,D,D,False,F1历史不足378日,观察,F1历史不足378日 / 震荡 / 回撤-70.9%,77
513770,sh513770,港股互联网ETF华宝,0.332,0.606,555552091.0,1679993060.0,0.331,0.332,港股互联网ETF华宝,指数型-股票,,,,,0.332,港股互联,3574568900.0,2025-01-15,港股互联网ETF华宝,sh,11.867568748,SATELLITE,跨境,True,4,5.55552091,缺折溢价,780,2023-03-31,2026-06-23,0.33,-0.24176117190661817,-0.6947271045328399,-0.3666026871401151,-0.2325581395348837,-0.14728682170542629,0.5643614906028264,-0.7292863002461034,-0.7292863002461034,-0.7292863002461034,-0.9526123064404183,0.36885,0.40395000000000003,0.4570583333333334,0.64544,跌破MA250,-0.10532736884912564,-0.7292863002461034,694438346.0,571525238.3833333,1.2150615569740184,,,,,,,,,,,,0.025974025974025976,0.013888888888888888,0.06493506493506493,0.013888888888888888,0.11538461538461539,0.41025641025641024,6,0,5,4,15,D,D,True,,淘汰,跌破MA250 / 回撤-72.9% / 1年-69.5%,78
